
 Ansys Mechanical Enterprise Academic Student      


 *------------------------------------------------------------------*
 |                                                                  |
 |   W E L C O M E   T O   T H E   A N S Y S (R)  P R O G R A M     |
 |                                                                  |
 *------------------------------------------------------------------*




 ***************************************************************
 *         ANSYS MAPDL 2026 R1          LEGAL NOTICES          *
 ***************************************************************
 *                                                             *
 * Copyright (c) 2026 Synopsys, Inc. and ANSYS, Inc.           *
 * All rights reserved.                                        *
 * Unauthorized use, distribution or duplication is            *
 * prohibited.                                                 *
 *                                                             *
 * Ansys is a registered trademark of Ansys, Inc. or its       *
 * subsidiaries in the United States or other countries.       *
 * See the Ansys, Inc. online documentation or the Ansys, Inc. *
 * documentation CD or online help for the complete Legal      *
 * Notice.                                                     *
 *                                                             *
 ***************************************************************
 *                                                             *
 * THIS ANSYS SOFTWARE PRODUCT AND PROGRAM DOCUMENTATION       *
 * INCLUDE TRADE SECRETS AND CONFIDENTIAL AND PROPRIETARY      *
 * PRODUCTS OF ANSYS, INC., ITS SUBSIDIARIES, OR LICENSORS.    *
 * The software products and documentation are furnished by    *
 * Ansys, Inc. or its subsidiaries under a software license    *
 * agreement that contains provisions concerning               *
 * non-disclosure, copying, length and nature of use,          *
 * compliance with exporting laws, warranties, disclaimers,    *
 * limitations of liability, and remedies, and other           *
 * provisions.  The software products and documentation may be *
 * used, disclosed, transferred, or copied only in accordance  *
 * with the terms and conditions of that software license      *
 * agreement.                                                  *
 *                                                             *
 * Ansys, Inc. is a UL registered                              *
 * ISO 9001:2015 company.                                      *
 *                                                             *
 ***************************************************************
 *                                                             *
 * This product is subject to U.S. laws governing export and   *
 * re-export.                                                  *
 *                                                             *
 * For U.S. Government users, except as specifically granted   *
 * by the Ansys, Inc. software license agreement, the use,     *
 * duplication, or disclosure by the United States Government  *
 * is subject to restrictions stated in the Ansys, Inc.        *
 * software license agreement and FAR 12.212 (for non-DOD      *
 * licenses).                                                  *
 *                                                             *
 ***************************************************************

 2026 R1 
     
 Point Releases and Patches installed:   
     
 Ansys, Inc. License Manager 2026 R1 
 Discovery (full install) 2026 R1
 Core WB Files 2026 R1   
 optiSLang Core UI 2026 R1   
 CFX (includes CFD-Post) 2026 R1 
 Chemkin 2026 R1 
 EnSight 2026 R1 
 FENSAP-ICE 2026 R1  
 Fluent (includes CFD-Post) 2026 R1  
 Polyflow (includes CFD-Post) 2026 R1
 Forte (includes EnSight) 2026 R1
 Rocky 2026 R1   
 TurboGrid 2026 R1   
 ACIS Geometry Interface 2026 R1 
 AutoCAD Geometry Interface 2026 R1  
 Catia, Version 4 Geometry Interface 2026 R1 
 Catia, Version 5 Geometry Interface 2026 R1 
 Catia, Version 6 Geometry Interface 2026 R1 
 Creo Elements/Direct Modeling Geometry Interface 2026 R1
 Creo Parametric Geometry Interface 2026 R1  
 Inventor Geometry Interface 2026 R1 
 JTOpen Geometry Interface 2026 R1   
 NX Geometry Interface 2026 R1   
 Parasolid Geometry Interface  2026 R1   
 Solid Edge Geometry Interface 2026 R1   
 SOLIDWORKS Geometry Interface 2026 R1   
 Speos 2026 R1   
 SpaceClaim 2026 R1  
 Speos RPC 2026 R1   
 Zemax OpticStudio 2026 R1   
 Dynamic Reporting 2026 R1   
 Aqwa 2026 R1
 Autodyn 2026 R1 
 Material Calibration App 2026 R1
 Mechanical Products 2026 R1 
 Motion 2026 R1  
 Academic Student 2026 R1


          *****  MAPDL COMMAND LINE ARGUMENTS  *****
  BATCH MODE REQUESTED (-b)    = NOLIST
  INPUT FILE COPY MODE (-c)    = COPY
  DISTRIBUTED MEMORY PARALLEL REQUESTED
       4 PARALLEL PROCESSES REQUESTED WITH SINGLE THREAD PER PROCESS
    TOTAL OF     4 CORES REQUESTED
  INPUT FILE NAME              = C:\Users\Deeptanshu\AppData\Local\Temp\wbfix_grcgi124\_ProjectScratch\Scr8C57\dummy.dat
  OUTPUT FILE NAME             = C:\Users\Deeptanshu\AppData\Local\Temp\wbfix_grcgi124\_ProjectScratch\Scr8C57\solve.out
  START-UP FILE MODE           = NOREAD
  STOP FILE MODE               = NOREAD

 RELEASE= 2026 R1              BUILD= 26.1      UP20260202   VERSION=WINDOWS x64 
 CURRENT JOBNAME=file0  19:59:21  SEP 27, 2026  Elapsed Time=       0.109


 PARAMETER _DS_PROGRESS =     999.0000000    

 /INPUT FILE= ds.dat  LINE=       0



 *** NOTE ***                            ELAPSED TIME =       5.398   TIME= 19:59:22
 The /CONFIG,NOELDB command is not valid in a distributed memory         
 parallel solution.  Command is ignored.                                 

 *GET  _WALLSTRT  FROM  ACTI  ITEM=TIME WALL  VALUE= 0.150698833E-02

 TITLE= 
 wing_fea_corrected--Modal (C5)                                                

  ACT Extensions:
      LSDYNA, 2026.1
      5f463412-bd3e-484b-87e7-cbc0a665e474, wbex
      ANSYSMotion, 2026.1
      20180725-3f81-49eb-9f31-41364844c769, wbex

 SET PARAMETER DIMENSIONS ON  _WB_PROJECTSCRATCH_DIR
  TYPE=STRI  DIMENSIONS=      248        1        1

 PARAMETER _WB_PROJECTSCRATCH_DIR(1) = C:\Users\Deeptanshu\AppData\Local\Temp\wbfix_grcgi124\_ProjectScratch\Scr8C57\

 SET PARAMETER DIMENSIONS ON  _WB_SOLVERFILES_DIR
  TYPE=STRI  DIMENSIONS=      248        1        1

 PARAMETER _WB_SOLVERFILES_DIR(1) = C:\Users\Deeptanshu\AppData\Local\Temp\wbfix_grcgi124\wing_fea_corrected_files\dp0\SYS-3\MECH\

 SET PARAMETER DIMENSIONS ON  _WB_USERFILES_DIR
  TYPE=STRI  DIMENSIONS=      248        1        1

 PARAMETER _WB_USERFILES_DIR(1) = C:\Users\Deeptanshu\AppData\Local\Temp\wbfix_grcgi124\wing_fea_corrected_files\user_files\
 --- Data in consistent MKS units. See Solving Units in the help system for more

 MKS UNITS SPECIFIED FOR INTERNAL    
  LENGTH        (l)  = METER (M)
  MASS          (M)  = KILOGRAM (KG)
  TIME          (t)  = SECOND (SEC)
  TEMPERATURE   (T)  = CELSIUS (C)
  TOFFSET            = 273.0
  CHARGE        (Q)  = COULOMB
  FORCE         (f)  = NEWTON (N) (KG-M/SEC2)
  HEAT               = JOULE (N-M)

  PRESSURE           = PASCAL (NEWTON/M**2)
  ENERGY        (W)  = JOULE (N-M)
  POWER         (P)  = WATT (N-M/SEC)
  CURRENT       (i)  = AMPERE (COULOMBS/SEC)
  CAPACITANCE   (C)  = FARAD
  INDUCTANCE    (L)  = HENRY
  MAGNETIC FLUX      = WEBER
  RESISTANCE    (R)  = OHM
  ELECTRIC POTENTIAL = VOLT

 INPUT  UNITS ARE ALSO SET TO MKS 

 *** MAPDL - ENGINEERING ANALYSIS SYSTEM  RELEASE 2026 R1          26.1     ***
 Ansys Mechanical Enterprise Academic Student      
 01055371  VERSION=WINDOWS x64   19:59:22  SEP 27, 2026 Elapsed Time=      5.428

 wing_fea_corrected--Modal (C5)                                                



          ***** MAPDL ANALYSIS DEFINITION (PREP7) *****
 *********** Send User Defined Coordinate System(s) ***********
 *********** Nodes for the whole assembly ***********
 *********** Elements for Body 1 'FEA Proeject (v4~recovered)|Wing_body' *******
 *********** Elements for Body 2 'FEA Proeject (v4~recovered)|Body44' **********
 *********** Elements for Body 3 'FEA Proeject (v4~recovered)|Body45' **********
 *********** Elements for Body 4 'FEA Proeject (v4~recovered)|Rib1' ***********
 *********** Elements for Body 5 'FEA Proeject (v4~recovered)|rib2' ***********
 *********** Elements for Body 6 'FEA Proeject (v4~recovered)|rib3' ***********
 *********** Elements for Body 7 'FEA Proeject (v4~recovered)|rib4' ***********
 *********** Elements for Body 8 'FEA Proeject (v4~recovered)|rib5' ***********
 *********** Elements for Body 9 'FEA Proeject (v4~recovered)|rib6' ***********
 *********** Elements for Body 10 'FEA Proeject (v4~recovered)|rib7' ***********
 *********** Elements for Body 11 'FEA Proeject (v4~recovered)|rib8' ***********
 *********** Elements for Body 12 'FEA Proeject (v4~recovered)|rib9' ***********
 *********** Elements for Body 13 'FEA Proeject (v4~recovered)|rib10' **********
 *********** Elements for Body 14 'FEA Proeject (v4~recovered)|spar1' **********
 *********** Elements for Body 15 'FEA Proeject (v4~recovered)|spar2' **********
 *********** Set Reference Temperature ***********
 *********** Send Materials ***********
 *********** Send Sheet Properties ***********
 *********** Create Contact "Contact Region" ***********
             Real Constant Set For Above Contact Is 17 & 16
 *********** Create Contact "Contact Region 2" ***********
             Real Constant Set For Above Contact Is 19 & 18
 *********** Create Contact "Contact Region 3" ***********
             Real Constant Set For Above Contact Is 21 & 20
 *********** Create Contact "Contact Region 4" ***********
             Real Constant Set For Above Contact Is 23 & 22
 *********** Create Contact "Contact Region 5" ***********
             Real Constant Set For Above Contact Is 25 & 24
 *********** Create Contact "Contact Region 6" ***********
             Real Constant Set For Above Contact Is 27 & 26
 *********** Create Contact "Contact Region 7" ***********
             Real Constant Set For Above Contact Is 29 & 28
 *********** Create Contact "Contact Region 8" ***********
             Real Constant Set For Above Contact Is 31 & 30
 *********** Create Contact "Contact Region 9" ***********
             Real Constant Set For Above Contact Is 33 & 32
 *********** Create Contact "Contact Region 10" ***********
             Real Constant Set For Above Contact Is 35 & 34
 *********** Create Contact "Contact Region 11" ***********
             Real Constant Set For Above Contact Is 37 & 36
 *********** Create Contact "Contact Region 12" ***********
             Real Constant Set For Above Contact Is 39 & 38
 *********** Create Contact "Contact Region 13" ***********
             Real Constant Set For Above Contact Is 41 & 40
 *********** Create Contact "Contact Region 14" ***********
             Real Constant Set For Above Contact Is 43 & 42
 *********** Create Contact "Contact Region 15" ***********
             Real Constant Set For Above Contact Is 45 & 44
 *********** Create Contact "Contact Region 16" ***********
             Real Constant Set For Above Contact Is 47 & 46
 *********** Fixed Supports ***********


 ***** ROUTINE COMPLETED *****  ELAPSED TIME =         5.664


 --- Number of total nodes = 15006
 --- Number of contact elements = 11422
 --- Number of spring elements = 0
 --- Number of bearing elements = 0
 --- Number of solid elements = 13828
 --- Number of condensed parts = 0
 --- Number of total elements = 25250

 *GET  _WALLBSOL  FROM  ACTI  ITEM=TIME WALL  VALUE= 0.157414747E-02

 *****  MAPDL SOLUTION ROUTINE  *****


 PERFORM A MODAL ANALYSIS
  THIS WILL BE A NEW ANALYSIS

 PARAMETER _THICKRATIO =     0.000000000    

 THERMAL STRAINS ARE NOT INCLUDED IN THE LOAD VECTOR.


 USE SYM. BLOCK LANCZOS MODE EXTRACTION METHOD
  EXTRACT    12 MODES
  NORMALIZE THE MODE SHAPES TO THE MASS MATRIX

 ERASE THE CURRENT DATABASE OUTPUT CONTROL TABLE.


 WRITE ALL  ITEMS TO THE DATABASE WITH A FREQUENCY OF NONE
   FOR ALL APPLICABLE ENTITIES

 WRITE NSOL ITEMS TO THE DATABASE WITH A FREQUENCY OF ALL 
   FOR ALL APPLICABLE ENTITIES


 EXPAND ALL EXTRACTED MODES
  DO NOT CALCULATE ELEMENT RESULTS

 DO NOT COMBINE ELEMENT SAVE DATA FILES (.esav) AFTER DISTRIBUTED PARALLEL SOLUTION

 DO NOT COMBINE ELEMENT MATRIX FILES (.emat) AFTER DISTRIBUTED PARALLEL SOLUTION

 DO NOT COMBINE ASSEMBLED MATRIX FILES (.full) AFTER DISTRIBUTED PARALLEL SOLUTION

 SELECT       FOR ITEM=LOC  COMPONENT=Y     BETWEEN-0.10000E-04 AND  0.10000E-04
   KABS=  0.  TOLERANCE= 0.200000E-12

        160  NODES (OF      15006  DEFINED) SELECTED BY  NSEL  COMMAND.

 SPECIFIED CONSTRAINT UX   FOR SELECTED NODES            1 TO       21633 BY           1
 REAL=  0.00000000       IMAG=  0.00000000    
 ADDITIONAL DOFS=  UY    UZ    ROTX  ROTY  ROTZ

 SELECT ALL ENTITIES OF TYPE= ALL  AND BELOW

 *GET  ANSINTER_  FROM  ACTI  ITEM=INT        VALUE=  0.00000000    

 *IF  ANSINTER_  ( =   0.00000     )  NE  
      0  ( =   0.00000     )  THEN    

 *ENDIF

 *** NOTE ***                            ELAPSED TIME =       5.714   TIME= 19:59:22
 The automatic domain decomposition logic has selected the MESH domain   
 decomposition method with 4 processes per solution.                     

 *****  MAPDL SOLVE    COMMAND  *****

 *** WARNING ***                         ELAPSED TIME =       5.794   TIME= 19:59:22
 Element shape checking is currently inactive.  Issue SHPP,ON or         
 SHPP,WARN to reactivate, if desired.                                    

 *** NOTE ***                            ELAPSED TIME =       5.876   TIME= 19:59:22
 The model data was checked and warning messages were found.             
  Please review output or errors file (                                  
 C:\Users\Deeptanshu\AppData\Local\Temp\wbfix_grcgi124\_ProjectScratch\S 
 Scr8C57\file0.err ) for these warning messages.                         

 *** SELECTION OF ELEMENT TECHNOLOGIES FOR APPLICABLE ELEMENTS ***
      --- GIVE SUGGESTIONS AND RESET THE KEY OPTIONS ---

 ELEMENT TYPE         1 IS SHELL181. IT IS ASSOCIATED WITH ELASTOPLASTIC 
 MATERIALS ONLY. KEYOPT(8)=2 IS SUGGESTED AND KEYOPT(3)=2 IS SUGGESTED FOR
 HIGHER ACCURACY OF MEMBRANE STRESSES; OTHERWISE, KEYOPT(3)=0 IS SUGGESTED. 
 KEYOPT(8) HAS BEEN RESET BUT KEYOPT(3) CAN NOT BE RESET HERE. PLEASE RESET 
 IT MANUALLY IF NECESSARY.
  KEYOPT(1-12)=    0    0    2    0    0    0    0    2    0    0    0    0

 ELEMENT TYPE         1 HAS KEYOPT(3)=2. FOR THE SPECIFIED ANALYSIS TYPE, LUMPED MASS
 MATRIX OPTION (LUMPM, ON) IS SUGGESTED.

 ELEMENT TYPE         2 IS SHELL181. IT IS ASSOCIATED WITH ELASTOPLASTIC 
 MATERIALS ONLY. KEYOPT(8)=2 IS SUGGESTED AND KEYOPT(3)=2 IS SUGGESTED FOR
 HIGHER ACCURACY OF MEMBRANE STRESSES; OTHERWISE, KEYOPT(3)=0 IS SUGGESTED. 
 KEYOPT(8) HAS BEEN RESET BUT KEYOPT(3) CAN NOT BE RESET HERE. PLEASE RESET 
 IT MANUALLY IF NECESSARY.
  KEYOPT(1-12)=    0    0    2    0    0    0    0    2    0    0    0    0

 ELEMENT TYPE         2 HAS KEYOPT(3)=2. FOR THE SPECIFIED ANALYSIS TYPE, LUMPED MASS
 MATRIX OPTION (LUMPM, ON) IS SUGGESTED.

 ELEMENT TYPE         3 IS SHELL181. IT IS ASSOCIATED WITH ELASTOPLASTIC 
 MATERIALS ONLY. KEYOPT(8)=2 IS SUGGESTED AND KEYOPT(3)=2 IS SUGGESTED FOR
 HIGHER ACCURACY OF MEMBRANE STRESSES; OTHERWISE, KEYOPT(3)=0 IS SUGGESTED. 
 KEYOPT(8) HAS BEEN RESET BUT KEYOPT(3) CAN NOT BE RESET HERE. PLEASE RESET 
 IT MANUALLY IF NECESSARY.
  KEYOPT(1-12)=    0    0    2    0    0    0    0    2    0    0    0    0

 ELEMENT TYPE         3 HAS KEYOPT(3)=2. FOR THE SPECIFIED ANALYSIS TYPE, LUMPED MASS
 MATRIX OPTION (LUMPM, ON) IS SUGGESTED.

 ELEMENT TYPE         4 IS SOLID186. KEYOPT(2)=0 IS SUGGESTED AND HAS BEEN RESET.
  KEYOPT(1-12)=    0    0    0    0    0    0    0    0    0    0    0    0

 ELEMENT TYPE         5 IS SOLID186. KEYOPT(2)=0 IS SUGGESTED AND HAS BEEN RESET.
  KEYOPT(1-12)=    0    0    0    0    0    0    0    0    0    0    0    0

 ELEMENT TYPE         6 IS SOLID186. KEYOPT(2)=0 IS SUGGESTED AND HAS BEEN RESET.
  KEYOPT(1-12)=    0    0    0    0    0    0    0    0    0    0    0    0

 ELEMENT TYPE         7 IS SOLID186. KEYOPT(2)=0 IS SUGGESTED AND HAS BEEN RESET.
  KEYOPT(1-12)=    0    0    0    0    0    0    0    0    0    0    0    0

 ELEMENT TYPE         8 IS SOLID186. KEYOPT(2)=0 IS SUGGESTED AND HAS BEEN RESET.
  KEYOPT(1-12)=    0    0    0    0    0    0    0    0    0    0    0    0

 ELEMENT TYPE         9 IS SOLID186. KEYOPT(2)=0 IS SUGGESTED AND HAS BEEN RESET.
  KEYOPT(1-12)=    0    0    0    0    0    0    0    0    0    0    0    0

 ELEMENT TYPE        10 IS SOLID186. KEYOPT(2)=0 IS SUGGESTED AND HAS BEEN RESET.
  KEYOPT(1-12)=    0    0    0    0    0    0    0    0    0    0    0    0

 ELEMENT TYPE        11 IS SOLID186. KEYOPT(2)=0 IS SUGGESTED AND HAS BEEN RESET.
  KEYOPT(1-12)=    0    0    0    0    0    0    0    0    0    0    0    0

 ELEMENT TYPE        12 IS SOLID186. KEYOPT(2)=0 IS SUGGESTED AND HAS BEEN RESET.
  KEYOPT(1-12)=    0    0    0    0    0    0    0    0    0    0    0    0

 ELEMENT TYPE        13 IS SOLID186. KEYOPT(2)=0 IS SUGGESTED AND HAS BEEN RESET.
  KEYOPT(1-12)=    0    0    0    0    0    0    0    0    0    0    0    0

 ELEMENT TYPE        14 IS SOLID186. KEYOPT(2)=0 IS SUGGESTED AND HAS BEEN RESET.
  KEYOPT(1-12)=    0    0    0    0    0    0    0    0    0    0    0    0

 ELEMENT TYPE        15 IS SOLID186. KEYOPT(2)=0 IS SUGGESTED AND HAS BEEN RESET.
  KEYOPT(1-12)=    0    0    0    0    0    0    0    0    0    0    0    0



 *** MAPDL - ENGINEERING ANALYSIS SYSTEM  RELEASE 2026 R1          26.1     ***
 Ansys Mechanical Enterprise Academic Student      
 01055371  VERSION=WINDOWS x64   19:59:22  SEP 27, 2026 Elapsed Time=      5.894

 wing_fea_corrected--Modal (C5)                                                



                       S O L U T I O N   O P T I O N S

   PROBLEM DIMENSIONALITY. . . . . . . . . . . . .3-D                  
   DEGREES OF FREEDOM. . . . . . UX   UY   UZ   ROTX ROTY ROTZ
   ANALYSIS TYPE . . . . . . . . . . . . . . . . .MODAL                
      EXTRACTION METHOD. . . . . . . . . . . . . .BLOCK LANCZOS
   OFFSET TEMPERATURE FROM ABSOLUTE ZERO . . . . .  273.15    
   THERMAL EXPANSION . . . . . . . . . . . . . . .OFF
   NUMBER OF MODES TO EXTRACT. . . . . . . . . . .    12
   GLOBALLY ASSEMBLED MATRIX . . . . . . . . . . .SYMMETRIC  
   NUMBER OF MODES TO EXPAND . . . . . . . . . . .ALL
   ELEMENT RESULTS CALCULATION . . . . . . . . . .OFF

 *** NOTE ***                            ELAPSED TIME =       5.956   TIME= 19:59:22
 The conditions for direct assembly have been met.  No .emat or .erot    
 files will be produced.                                                 
 *WARNING*: Some MPC/Lagrange based elements (e.g.29770) in real         
 constant set 16 overlap with other MPC/Lagrange based elements          
 (e.g.38866) in real constant set 38 which can cause overconstraint.     

 *** NOTE ***                            ELAPSED TIME =       6.535   TIME= 19:59:23
 Smoothing on certain target nodes (e.g.6745) for pair ID 16 may have    
 accuracy issue.  Please verify element normal of connected target       
 elements (e.g.30114 & 30115).                                           

 *** NOTE ***                            ELAPSED TIME =       7.375   TIME= 19:59:24
 Symmetric Deformable- deformable contact pair identified by real        
 constant set 16 and contact element type 16 has been set up.  The       
 companion pair has real constant set ID 17.  Both pairs should have     
 the same behavior.                                                      
 MAPDL will deactivate the current pair and keep its companion pair,     
 resulting in asymmetric contact.                                        
 MPC anywhere inside pinball may be built
 Distributed constraint is built
 Contact algorithm: MPC based approach

 *** NOTE ***                            ELAPSED TIME =       7.376   TIME= 19:59:24
 Contact related postprocess items (ETABLE, pressure ...) are not        
 available.                                                              
 Contact detection at: nodal point (normal to target surface)
 *WARNING*: Smoothing on certain contact/target nodes (for example 6745) 
 may have an accuracy issue.  You may switch contact and target          
 surfaces, or split the current pair into multiple pairs, or use Gauss   
 detection.                                                              
 MPC will be built internally to handle bonded contact.
 Default influence distance FTOLN will be used.
 Average contact surface length               0.99396E-02
 Average contact pair depth                   0.32000E-01
 Average target surface length                0.55676E-02
 User defined pinball region PINB             0.30653E-02
 Default target edge extension factor TOLS     2.0000    
 Initial penetration/gap is excluded.
 Bonded contact (always) is defined.

 *** NOTE ***                            ELAPSED TIME =       7.376   TIME= 19:59:24
 Max.  Initial penetration 2.272647934E-06 was detected between contact  
 element 29800 and target element 30137.                                 
 You may move entire target surface by : x= 8.868902969E-07, y=          
 -7.031782924E-09, z= -2.092439913E-06,to reduce initial penetration.    
 ****************************************
  

 *** NOTE ***                            ELAPSED TIME =       7.376   TIME= 19:59:24
 Symmetric Deformable- deformable contact pair identified by real        
 constant set 17 and contact element type 16 has been set up.  The       
 companion pair has real constant set ID 16.  Both pairs should have     
 the same behavior.                                                      
 MAPDL will keep the current pair and deactivate its companion pair,     
 resulting in asymmetric contact.                                        
 MPC anywhere inside pinball may be built
 Distributed constraint is built
 Contact algorithm: MPC based approach

 *** NOTE ***                            ELAPSED TIME =       7.376   TIME= 19:59:24
 Contact related postprocess items (ETABLE, pressure ...) are not        
 available.                                                              
 Contact detection at: nodal point (normal to target surface)
 *WARNING*: Smoothing on certain contact/target nodes (for example       
 20225) may have an accuracy issue.  You may switch contact and target   
 surfaces, or split the current pair into multiple pairs, or use Gauss   
 detection.                                                              
 MPC will be built internally to handle bonded contact.
 Default influence distance FTOLN will be used.
 Average contact surface length               0.50064E-02
 Average contact pair depth                   0.86992E-02
 Average target surface length                0.99309E-02
 User defined pinball region PINB             0.30653E-02
 Default target edge extension factor TOLS     2.0000    
 Initial penetration/gap is excluded.
 Bonded contact (always) is defined.

 *** NOTE ***                            ELAPSED TIME =       7.376   TIME= 19:59:24
 Max.  Initial penetration 2.850155279E-03 was detected between contact  
 element 30089 and target element 29572.                                 
 You may move entire target surface by : x= -2.48864567E-03, y=          
 -1.022083832E-05, z= -1.389216822E-03,to reduce initial penetration.    
 *WARNING*: The detected Max.  Penetration is close to the pair based    
 pinball.  Please verify the pinball radius carefully.                   
 *WARNING*: The geometric gap/penetration may be too large.  Increase    
 pinball radius if it is a true geometric gap/penetration.  Decrease     
 pinball if it is a false one.                                           
 *WARNING*: The initial penetration/gap is relatively large.  Bonded/no  
 separation option may cause an accuracy issue.  Switch to MPC           
 algorithm or you may use the CNCHECK,ADJUST/MORPH command to move the   
 contact nodes towards the target surface.                               
 ****************************************
  

 *** NOTE ***                            ELAPSED TIME =       7.377   TIME= 19:59:24
 Symmetric Deformable- deformable contact pair identified by real        
 constant set 18 and contact element type 18 has been set up.  The       
 companion pair has real constant set ID 19.  Both pairs should have     
 the same behavior.                                                      
 MAPDL will deactivate the current pair and keep its companion pair,     
 resulting in asymmetric contact.                                        
 MPC anywhere inside pinball may be built
 Distributed constraint is built
 Contact algorithm: MPC based approach

 *** NOTE ***                            ELAPSED TIME =       7.377   TIME= 19:59:24
 Contact related postprocess items (ETABLE, pressure ...) are not        
 available.                                                              
 Contact detection at: nodal point (normal to target surface)
 *WARNING*: Smoothing on certain contact/target nodes (for example 7275) 
 may have an accuracy issue.  You may switch contact and target          
 surfaces, or split the current pair into multiple pairs, or use Gauss   
 detection.                                                              
 MPC will be built internally to handle bonded contact.
 Default influence distance FTOLN will be used.
 Average contact surface length               0.99268E-02
 Average contact pair depth                   0.32000E-01
 Average target surface length                0.56669E-02
 User defined pinball region PINB             0.30653E-02
 Default target edge extension factor TOLS     2.0000    
 Initial penetration/gap is excluded.
 Bonded contact (always) is defined.

 *** NOTE ***                            ELAPSED TIME =       7.377   TIME= 19:59:24
 Min.  Initial gap 5.230173639E-08 was detected between contact element  
 30598 and target element 30799.                                         
 Contact is detected due to initial settings.                            
 ****************************************
  

 *** NOTE ***                            ELAPSED TIME =       7.377   TIME= 19:59:24
 Symmetric Deformable- deformable contact pair identified by real        
 constant set 19 and contact element type 18 has been set up.  The       
 companion pair has real constant set ID 18.  Both pairs should have     
 the same behavior.                                                      
 MAPDL will keep the current pair and deactivate its companion pair,     
 resulting in asymmetric contact.                                        
 MPC anywhere inside pinball may be built
 Distributed constraint is built
 Contact algorithm: MPC based approach

 *** NOTE ***                            ELAPSED TIME =       7.377   TIME= 19:59:24
 Contact related postprocess items (ETABLE, pressure ...) are not        
 available.                                                              
 Contact detection at: nodal point (normal to target surface)
 *WARNING*: Smoothing on certain contact/target nodes (for example       
 16160) may have an accuracy issue.  You may switch contact and target   
 surfaces, or split the current pair into multiple pairs, or use Gauss   
 detection.                                                              
 MPC will be built internally to handle bonded contact.
 Default influence distance FTOLN will be used.
 Average contact surface length               0.51029E-02
 Average contact pair depth                   0.85584E-02
 Average target surface length                0.99159E-02
 User defined pinball region PINB             0.30653E-02
 Default target edge extension factor TOLS     2.0000    
 Initial penetration/gap is excluded.
 Bonded contact (always) is defined.

 *** NOTE ***                            ELAPSED TIME =       7.377   TIME= 19:59:24
 Max.  Initial penetration 2.406520529E-03 was detected between contact  
 element 30730 and target element 30201.                                 
 You may move entire target surface by : x= -2.197008634E-03, y=         
 -5.229671804E-05, z= -9.806932092E-04,to reduce initial penetration.    
 *WARNING*: The geometric gap/penetration may be too large.  Increase    
 pinball radius if it is a true geometric gap/penetration.  Decrease     
 pinball if it is a false one.                                           
 *WARNING*: The initial penetration/gap is relatively large.  Bonded/no  
 separation option may cause an accuracy issue.  Switch to MPC           
 algorithm or you may use the CNCHECK,ADJUST/MORPH command to move the   
 contact nodes towards the target surface.                               
 ****************************************
  

 *** NOTE ***                            ELAPSED TIME =       7.378   TIME= 19:59:24
 Symmetric Deformable- deformable contact pair identified by real        
 constant set 20 and contact element type 20 has been set up.  The       
 companion pair has real constant set ID 21.  Both pairs should have     
 the same behavior.                                                      
 MAPDL will deactivate the current pair and keep its companion pair,     
 resulting in asymmetric contact.                                        
 MPC anywhere inside pinball may be built
 Distributed constraint is built
 Contact algorithm: MPC based approach

 *** NOTE ***                            ELAPSED TIME =       7.378   TIME= 19:59:24
 Contact related postprocess items (ETABLE, pressure ...) are not        
 available.                                                              
 Contact detection at: nodal point (normal to target surface)
 *WARNING*: Smoothing on certain contact/target nodes (for example 7789) 
 may have an accuracy issue.  You may switch contact and target          
 surfaces, or split the current pair into multiple pairs, or use Gauss   
 detection.                                                              
 MPC will be built internally to handle bonded contact.
 Default influence distance FTOLN will be used.
 Average contact surface length               0.99243E-02
 Average contact pair depth                   0.32000E-01
 Average target surface length                0.55743E-02
 User defined pinball region PINB             0.30653E-02
 Default target edge extension factor TOLS     2.0000    
 Initial penetration/gap is excluded.
 Bonded contact (always) is defined.

 *** NOTE ***                            ELAPSED TIME =       7.378   TIME= 19:59:24
 Max.  Initial penetration 8.607487346E-07 was detected between contact  
 element 31181 and target element 31377.                                 
 You may move entire target surface by : x= 6.836201265E-08, y=          
 -1.853361162E-09, z= -8.580277293E-07,to reduce initial penetration.    
 ****************************************
  

 *** NOTE ***                            ELAPSED TIME =       7.378   TIME= 19:59:24
 Symmetric Deformable- deformable contact pair identified by real        
 constant set 21 and contact element type 20 has been set up.  The       
 companion pair has real constant set ID 20.  Both pairs should have     
 the same behavior.                                                      
 MAPDL will keep the current pair and deactivate its companion pair,     
 resulting in asymmetric contact.                                        
 MPC anywhere inside pinball may be built
 Distributed constraint is built
 Contact algorithm: MPC based approach

 *** NOTE ***                            ELAPSED TIME =       7.378   TIME= 19:59:24
 Contact related postprocess items (ETABLE, pressure ...) are not        
 available.                                                              
 Contact detection at: nodal point (normal to target surface)
 *WARNING*: Smoothing on certain contact/target nodes (for example       
 20381) may have an accuracy issue.  You may switch contact and target   
 surfaces, or split the current pair into multiple pairs, or use Gauss   
 detection.                                                              
 MPC will be built internally to handle bonded contact.
 Default influence distance FTOLN will be used.
 Average contact surface length               0.50131E-02
 Average contact pair depth                   0.87710E-02
 Average target surface length                0.99160E-02
 User defined pinball region PINB             0.30653E-02
 Default target edge extension factor TOLS     2.0000    
 Initial penetration/gap is excluded.
 Bonded contact (always) is defined.

 *** NOTE ***                            ELAPSED TIME =       7.378   TIME= 19:59:24
 Max.  Initial penetration 2.752861323E-03 was detected between contact  
 element 31336 and target element 30886.                                 
 You may move entire target surface by : x= -2.382224264E-03, y=         
 1.6219194E-05, z= -1.379489021E-03,to reduce initial penetration.       
 *WARNING*: The geometric gap/penetration may be too large.  Increase    
 pinball radius if it is a true geometric gap/penetration.  Decrease     
 pinball if it is a false one.                                           
 *WARNING*: The initial penetration/gap is relatively large.  Bonded/no  
 separation option may cause an accuracy issue.  Switch to MPC           
 algorithm or you may use the CNCHECK,ADJUST/MORPH command to move the   
 contact nodes towards the target surface.                               
 ****************************************
  

 *** NOTE ***                            ELAPSED TIME =       7.379   TIME= 19:59:24
 Symmetric Deformable- deformable contact pair identified by real        
 constant set 22 and contact element type 22 has been set up.  The       
 companion pair has real constant set ID 23.  Both pairs should have     
 the same behavior.                                                      
 MAPDL will deactivate the current pair and keep its companion pair,     
 resulting in asymmetric contact.                                        
 MPC anywhere inside pinball may be built
 Distributed constraint is built
 Contact algorithm: MPC based approach

 *** NOTE ***                            ELAPSED TIME =       7.379   TIME= 19:59:24
 Contact related postprocess items (ETABLE, pressure ...) are not        
 available.                                                              
 Contact detection at: nodal point (normal to target surface)
 *WARNING*: Smoothing on certain contact/target nodes (for example 8292) 
 may have an accuracy issue.  You may switch contact and target          
 surfaces, or split the current pair into multiple pairs, or use Gauss   
 detection.                                                              
 MPC will be built internally to handle bonded contact.
 Default influence distance FTOLN will be used.
 Average contact surface length               0.99872E-02
 Average contact pair depth                   0.32000E-01
 Average target surface length                0.56780E-02
 User defined pinball region PINB             0.30653E-02
 Default target edge extension factor TOLS     2.0000    
 Initial penetration/gap is excluded.
 Bonded contact (always) is defined.

 *** NOTE ***                            ELAPSED TIME =       7.379   TIME= 19:59:24
 Max.  Initial penetration 7.918732614E-07 was detected between contact  
 element 31776 and target element 32000.                                 
 You may move entire target surface by : x= 3.753533212E-08, y=          
 -2.471369249E-09, z= 7.909793002E-07,to reduce initial penetration.     
 ****************************************
  

 *** NOTE ***                            ELAPSED TIME =       7.379   TIME= 19:59:24
 Symmetric Deformable- deformable contact pair identified by real        
 constant set 23 and contact element type 22 has been set up.  The       
 companion pair has real constant set ID 22.  Both pairs should have     
 the same behavior.                                                      
 MAPDL will keep the current pair and deactivate its companion pair,     
 resulting in asymmetric contact.                                        
 MPC anywhere inside pinball may be built
 Distributed constraint is built
 Contact algorithm: MPC based approach

 *** NOTE ***                            ELAPSED TIME =       7.379   TIME= 19:59:24
 Contact related postprocess items (ETABLE, pressure ...) are not        
 available.                                                              
 Contact detection at: nodal point (normal to target surface)
 *WARNING*: Smoothing on certain contact/target nodes (for example       
 21148) may have an accuracy issue.  You may switch contact and target   
 surfaces, or split the current pair into multiple pairs, or use Gauss   
 detection.                                                              
 MPC will be built internally to handle bonded contact.
 Default influence distance FTOLN will be used.
 Average contact surface length               0.51138E-02
 Average contact pair depth                   0.86459E-02
 Average target surface length                0.99810E-02
 User defined pinball region PINB             0.30653E-02
 Default target edge extension factor TOLS     2.0000    
 Initial penetration/gap is excluded.
 Bonded contact (always) is defined.

 *** NOTE ***                            ELAPSED TIME =       7.379   TIME= 19:59:24
 Max.  Initial penetration 2.074832348E-03 was detected between contact  
 element 31944 and target element 31580.                                 
 You may move entire target surface by : x= -1.622061224E-03, y=         
 -1.283959221E-04, z= 1.28738539E-03,to reduce initial penetration.      
 *WARNING*: The geometric gap/penetration may be too large.  Increase    
 pinball radius if it is a true geometric gap/penetration.  Decrease     
 pinball if it is a false one.                                           
 ****************************************
  

 *** NOTE ***                            ELAPSED TIME =       7.380   TIME= 19:59:24
 Symmetric Deformable- deformable contact pair identified by real        
 constant set 24 and contact element type 24 has been set up.  The       
 companion pair has real constant set ID 25.  Both pairs should have     
 the same behavior.                                                      
 MAPDL will deactivate the current pair and keep its companion pair,     
 resulting in asymmetric contact.                                        
 MPC anywhere inside pinball may be built
 Distributed constraint is built
 Contact algorithm: MPC based approach

 *** NOTE ***                            ELAPSED TIME =       7.380   TIME= 19:59:24
 Contact related postprocess items (ETABLE, pressure ...) are not        
 available.                                                              
 Contact detection at: nodal point (normal to target surface)
 *WARNING*: Smoothing on certain contact/target nodes (for example 8770) 
 may have an accuracy issue.  You may switch contact and target          
 surfaces, or split the current pair into multiple pairs, or use Gauss   
 detection.                                                              
 MPC will be built internally to handle bonded contact.
 Default influence distance FTOLN will be used.
 Average contact surface length               0.98836E-02
 Average contact pair depth                   0.32000E-01
 Average target surface length                0.55816E-02
 User defined pinball region PINB             0.30653E-02
 Default target edge extension factor TOLS     2.0000    
 Initial penetration/gap is excluded.
 Bonded contact (always) is defined.

 *** NOTE ***                            ELAPSED TIME =       7.380   TIME= 19:59:24
 Max.  Initial penetration 4.76066251E-06 was detected between contact   
 element 32280 and target element 32607.                                 
 You may move entire target surface by : x= 6.982972341E-07, y=          
 -1.084900507E-08, z= 4.709158185E-06,to reduce initial penetration.     
 ****************************************
  

 *** NOTE ***                            ELAPSED TIME =       7.380   TIME= 19:59:24
 Symmetric Deformable- deformable contact pair identified by real        
 constant set 25 and contact element type 24 has been set up.  The       
 companion pair has real constant set ID 24.  Both pairs should have     
 the same behavior.                                                      
 MAPDL will keep the current pair and deactivate its companion pair,     
 resulting in asymmetric contact.                                        
 MPC anywhere inside pinball may be built
 Distributed constraint is built
 Contact algorithm: MPC based approach

 *** NOTE ***                            ELAPSED TIME =       7.380   TIME= 19:59:24
 Contact related postprocess items (ETABLE, pressure ...) are not        
 available.                                                              
 Contact detection at: nodal point (normal to target surface)
 *WARNING*: Smoothing on certain contact/target nodes (for example       
 17749) may have an accuracy issue.  You may switch contact and target   
 surfaces, or split the current pair into multiple pairs, or use Gauss   
 detection.                                                              
 MPC will be built internally to handle bonded contact.
 Default influence distance FTOLN will be used.
 Average contact surface length               0.50290E-02
 Average contact pair depth                   0.88270E-02
 Average target surface length                0.98752E-02
 User defined pinball region PINB             0.30653E-02
 Default target edge extension factor TOLS     2.0000    
 Initial penetration/gap is excluded.
 Bonded contact (always) is defined.

 *** NOTE ***                            ELAPSED TIME =       7.380   TIME= 19:59:24
 Max.  Initial penetration 1.841156452E-03 was detected between contact  
 element 32554 and target element 32116.                                 
 You may move entire target surface by : x= -1.665152228E-03, y=         
 -8.751265452E-06, z= 7.855243809E-04,to reduce initial penetration.     
 *WARNING*: The geometric gap/penetration may be too large.  Increase    
 pinball radius if it is a true geometric gap/penetration.  Decrease     
 pinball if it is a false one.                                           
 ****************************************
  

 *** NOTE ***                            ELAPSED TIME =       7.381   TIME= 19:59:24
 Symmetric Deformable- deformable contact pair identified by real        
 constant set 26 and contact element type 26 has been set up.  The       
 companion pair has real constant set ID 27.  Both pairs should have     
 the same behavior.                                                      
 MAPDL will deactivate the current pair and keep its companion pair,     
 resulting in asymmetric contact.                                        
 MPC anywhere inside pinball may be built
 Distributed constraint is built
 Contact algorithm: MPC based approach

 *** NOTE ***                            ELAPSED TIME =       7.381   TIME= 19:59:24
 Contact related postprocess items (ETABLE, pressure ...) are not        
 available.                                                              
 Contact detection at: nodal point (normal to target surface)
 *WARNING*: Smoothing on certain contact/target nodes (for example 9241) 
 may have an accuracy issue.  You may switch contact and target          
 surfaces, or split the current pair into multiple pairs, or use Gauss   
 detection.                                                              
 MPC will be built internally to handle bonded contact.
 Default influence distance FTOLN will be used.
 Average contact surface length               0.10045E-01
 Average contact pair depth                   0.32000E-01
 Average target surface length                0.56900E-02
 User defined pinball region PINB             0.30653E-02
 Default target edge extension factor TOLS     2.0000    
 Initial penetration/gap is excluded.
 Bonded contact (always) is defined.

 *** NOTE ***                            ELAPSED TIME =       7.381   TIME= 19:59:24
 Max.  Initial penetration 1.612546145E-06 was detected between contact  
 element 32926 and target element 33183.                                 
 You may move entire target surface by : x= 6.571333187E-07, y=          
 2.210277218E-09, z= -1.472574611E-06,to reduce initial penetration.     
 ****************************************
  

 *** NOTE ***                            ELAPSED TIME =       7.381   TIME= 19:59:24
 Symmetric Deformable- deformable contact pair identified by real        
 constant set 27 and contact element type 26 has been set up.  The       
 companion pair has real constant set ID 26.  Both pairs should have     
 the same behavior.                                                      
 MAPDL will keep the current pair and deactivate its companion pair,     
 resulting in asymmetric contact.                                        
 MPC anywhere inside pinball may be built
 Distributed constraint is built
 Contact algorithm: MPC based approach

 *** NOTE ***                            ELAPSED TIME =       7.381   TIME= 19:59:24
 Contact related postprocess items (ETABLE, pressure ...) are not        
 available.                                                              
 Contact detection at: nodal point (normal to target surface)
 *WARNING*: Smoothing on certain contact/target nodes (for example       
 21328) may have an accuracy issue.  You may switch contact and target   
 surfaces, or split the current pair into multiple pairs, or use Gauss   
 detection.                                                              
 MPC will be built internally to handle bonded contact.
 Default influence distance FTOLN will be used.
 Average contact surface length               0.51257E-02
 Average contact pair depth                   0.88986E-02
 Average target surface length                0.10033E-01
 User defined pinball region PINB             0.30653E-02
 Default target edge extension factor TOLS     2.0000    
 Initial penetration/gap is excluded.
 Bonded contact (always) is defined.

 *** NOTE ***                            ELAPSED TIME =       7.382   TIME= 19:59:24
 Max.  Initial penetration 2.861747223E-03 was detected between contact  
 element 33138 and target element 32694.                                 
 You may move entire target surface by : x= -2.641298278E-03, y=         
 -7.966374582E-05, z= 1.09854188E-03,to reduce initial penetration.      
 *WARNING*: The detected Max.  Penetration is close to the pair based    
 pinball.  Please verify the pinball radius carefully.                   
 *WARNING*: The geometric gap/penetration may be too large.  Increase    
 pinball radius if it is a true geometric gap/penetration.  Decrease     
 pinball if it is a false one.                                           
 *WARNING*: The initial penetration/gap is relatively large.  Bonded/no  
 separation option may cause an accuracy issue.  Switch to MPC           
 algorithm or you may use the CNCHECK,ADJUST/MORPH command to move the   
 contact nodes towards the target surface.                               
 ****************************************
  

 *** NOTE ***                            ELAPSED TIME =       7.382   TIME= 19:59:24
 Symmetric Deformable- deformable contact pair identified by real        
 constant set 28 and contact element type 28 has been set up.  The       
 companion pair has real constant set ID 29.  Both pairs should have     
 the same behavior.                                                      
 MAPDL will deactivate the current pair and keep its companion pair,     
 resulting in asymmetric contact.                                        
 MPC anywhere inside pinball may be built
 Distributed constraint is built
 Contact algorithm: MPC based approach

 *** NOTE ***                            ELAPSED TIME =       7.382   TIME= 19:59:24
 Contact related postprocess items (ETABLE, pressure ...) are not        
 available.                                                              
 Contact detection at: nodal point (normal to target surface)
 *WARNING*: Smoothing on certain contact/target nodes (for example 9685) 
 may have an accuracy issue.  You may switch contact and target          
 surfaces, or split the current pair into multiple pairs, or use Gauss   
 detection.                                                              
 MPC will be built internally to handle bonded contact.
 Default influence distance FTOLN will be used.
 Average contact surface length               0.98952E-02
 Average contact pair depth                   0.32000E-01
 Average target surface length                0.56353E-02
 User defined pinball region PINB             0.30653E-02
 Default target edge extension factor TOLS     2.0000    
 Initial penetration/gap is excluded.
 Bonded contact (always) is defined.

 *** NOTE ***                            ELAPSED TIME =       7.382   TIME= 19:59:24
 Max.  Initial penetration 2.124706429E-06 was detected between contact  
 element 33562 and target element 33753.                                 
 You may move entire target surface by : x= 3.55868863E-07, y=           
 -3.885052385E-09, z= -2.094688441E-06,to reduce initial penetration.    
 ****************************************
  

 *** NOTE ***                            ELAPSED TIME =       7.382   TIME= 19:59:24
 Symmetric Deformable- deformable contact pair identified by real        
 constant set 29 and contact element type 28 has been set up.  The       
 companion pair has real constant set ID 28.  Both pairs should have     
 the same behavior.                                                      
 MAPDL will keep the current pair and deactivate its companion pair,     
 resulting in asymmetric contact.                                        
 MPC anywhere inside pinball may be built
 Distributed constraint is built
 Contact algorithm: MPC based approach

 *** NOTE ***                            ELAPSED TIME =       7.382   TIME= 19:59:24
 Contact related postprocess items (ETABLE, pressure ...) are not        
 available.                                                              
 Contact detection at: nodal point (normal to target surface)
 *WARNING*: Smoothing on certain contact/target nodes (for example       
 15820) may have an accuracy issue.  You may switch contact and target   
 surfaces, or split the current pair into multiple pairs, or use Gauss   
 detection.                                                              
 MPC will be built internally to handle bonded contact.
 Default influence distance FTOLN will be used.
 Average contact surface length               0.50722E-02
 Average contact pair depth                   0.94675E-02
 Average target surface length                0.98892E-02
 User defined pinball region PINB             0.30653E-02
 Default target edge extension factor TOLS     2.0000    
 Initial penetration/gap is excluded.
 Bonded contact (always) is defined.

 *** NOTE ***                            ELAPSED TIME =       7.383   TIME= 19:59:24
 Max.  Initial penetration 2.733566536E-03 was detected between contact  
 element 33711 and target element 33255.                                 
 You may move entire target surface by : x= -2.520435387E-03, y=         
 -7.502120644E-06, z= 1.058175404E-03,to reduce initial penetration.     
 *WARNING*: The geometric gap/penetration may be too large.  Increase    
 pinball radius if it is a true geometric gap/penetration.  Decrease     
 pinball if it is a false one.                                           
 *WARNING*: The initial penetration/gap is relatively large.  Bonded/no  
 separation option may cause an accuracy issue.  Switch to MPC           
 algorithm or you may use the CNCHECK,ADJUST/MORPH command to move the   
 contact nodes towards the target surface.                               
 ****************************************
  

 *** NOTE ***                            ELAPSED TIME =       7.383   TIME= 19:59:24
 Symmetric Deformable- deformable contact pair identified by real        
 constant set 30 and contact element type 30 has been set up.  The       
 companion pair has real constant set ID 31.  Both pairs should have     
 the same behavior.                                                      
 MAPDL will deactivate the current pair and keep its companion pair,     
 resulting in asymmetric contact.                                        
 MPC anywhere inside pinball may be built
 Distributed constraint is built
 Contact algorithm: MPC based approach

 *** NOTE ***                            ELAPSED TIME =       7.383   TIME= 19:59:24
 Contact related postprocess items (ETABLE, pressure ...) are not        
 available.                                                              
 Contact detection at: nodal point (normal to target surface)
 *WARNING*: Smoothing on certain contact/target nodes (for example       
 10119) may have an accuracy issue.  You may switch contact and target   
 surfaces, or split the current pair into multiple pairs, or use Gauss   
 detection.                                                              
 MPC will be built internally to handle bonded contact.
 Default influence distance FTOLN will be used.
 Average contact surface length               0.10059E-01
 Average contact pair depth                   0.32000E-01
 Average target surface length                0.54886E-02
 User defined pinball region PINB             0.30653E-02
 Default target edge extension factor TOLS     2.0000    
 Initial penetration/gap is excluded.
 Bonded contact (always) is defined.

 *** NOTE ***                            ELAPSED TIME =       7.383   TIME= 19:59:24
 Max.  Initial penetration 9.986897004E-07 was detected between contact  
 element 34066 and target element 34307.                                 
 You may move entire target surface by : x= 1.392475065E-07, y=          
 -1.128770965E-09, z= -9.889337569E-07,to reduce initial penetration.    
 ****************************************
  

 *** NOTE ***                            ELAPSED TIME =       7.383   TIME= 19:59:24
 Symmetric Deformable- deformable contact pair identified by real        
 constant set 31 and contact element type 30 has been set up.  The       
 companion pair has real constant set ID 30.  Both pairs should have     
 the same behavior.                                                      
 MAPDL will keep the current pair and deactivate its companion pair,     
 resulting in asymmetric contact.                                        
 MPC anywhere inside pinball may be built
 Distributed constraint is built
 Contact algorithm: MPC based approach

 *** NOTE ***                            ELAPSED TIME =       7.383   TIME= 19:59:24
 Contact related postprocess items (ETABLE, pressure ...) are not        
 available.                                                              
 Contact detection at: nodal point (normal to target surface)
 *WARNING*: Smoothing on certain contact/target nodes (for example       
 15795) may have an accuracy issue.  You may switch contact and target   
 surfaces, or split the current pair into multiple pairs, or use Gauss   
 detection.                                                              
 MPC will be built internally to handle bonded contact.
 Default influence distance FTOLN will be used.
 Average contact surface length               0.49308E-02
 Average contact pair depth                   0.88900E-02
 Average target surface length                0.10050E-01
 User defined pinball region PINB             0.30653E-02
 Default target edge extension factor TOLS     2.0000    
 Initial penetration/gap is excluded.
 Bonded contact (always) is defined.

 *** NOTE ***                            ELAPSED TIME =       7.384   TIME= 19:59:24
 Max.  Initial penetration 2.986543586E-03 was detected between contact  
 element 34265 and target element 33783.                                 
 You may move entire target surface by : x= -2.597581652E-03, y=         
 1.994962641E-04, z= 1.46021005E-03,to reduce initial penetration.       
 *WARNING*: The detected Max.  Penetration is close to the pair based    
 pinball.  Please verify the pinball radius carefully.                   
 *WARNING*: The geometric gap/penetration may be too large.  Increase    
 pinball radius if it is a true geometric gap/penetration.  Decrease     
 pinball if it is a false one.                                           
 *WARNING*: The initial penetration/gap is relatively large.  Bonded/no  
 separation option may cause an accuracy issue.  Switch to MPC           
 algorithm or you may use the CNCHECK,ADJUST/MORPH command to move the   
 contact nodes towards the target surface.                               
 ****************************************
  

 *** NOTE ***                            ELAPSED TIME =       7.384   TIME= 19:59:24
 Symmetric Deformable- deformable contact pair identified by real        
 constant set 32 and contact element type 32 has been set up.  The       
 companion pair has real constant set ID 33.  Both pairs should have     
 the same behavior.                                                      
 MAPDL will deactivate the current pair and keep its companion pair,     
 resulting in asymmetric contact.                                        
 MPC anywhere inside pinball may be built
 Distributed constraint is built
 Contact algorithm: MPC based approach

 *** NOTE ***                            ELAPSED TIME =       7.384   TIME= 19:59:24
 Contact related postprocess items (ETABLE, pressure ...) are not        
 available.                                                              
 Contact detection at: nodal point (normal to target surface)
 *WARNING*: Smoothing on certain contact/target nodes (for example       
 10544) may have an accuracy issue.  You may switch contact and target   
 surfaces, or split the current pair into multiple pairs, or use Gauss   
 detection.                                                              
 MPC will be built internally to handle bonded contact.
 Default influence distance FTOLN will be used.
 Average contact surface length               0.98773E-02
 Average contact pair depth                   0.32000E-01
 Average target surface length                0.55977E-02
 User defined pinball region PINB             0.30653E-02
 Default target edge extension factor TOLS     2.0000    
 Initial penetration/gap is excluded.
 Bonded contact (always) is defined.

 *** NOTE ***                            ELAPSED TIME =       7.384   TIME= 19:59:24
 Max.  Initial penetration 1.418348894E-06 was detected between contact  
 element 34772 and target element 34884.                                 
 You may move entire target surface by : x= 1.212844209E-07, y=          
 -1.457674209E-09, z= 1.413153052E-06,to reduce initial penetration.     
 ****************************************
  

 *** NOTE ***                            ELAPSED TIME =       7.384   TIME= 19:59:24
 Symmetric Deformable- deformable contact pair identified by real        
 constant set 33 and contact element type 32 has been set up.  The       
 companion pair has real constant set ID 32.  Both pairs should have     
 the same behavior.                                                      
 MAPDL will keep the current pair and deactivate its companion pair,     
 resulting in asymmetric contact.                                        
 MPC anywhere inside pinball may be built
 Distributed constraint is built
 Contact algorithm: MPC based approach

 *** NOTE ***                            ELAPSED TIME =       7.384   TIME= 19:59:24
 Contact related postprocess items (ETABLE, pressure ...) are not        
 available.                                                              
 Contact detection at: nodal point (normal to target surface)
 *WARNING*: Smoothing on certain contact/target nodes (for example       
 20466) may have an accuracy issue.  You may switch contact and target   
 surfaces, or split the current pair into multiple pairs, or use Gauss   
 detection.                                                              
 MPC will be built internally to handle bonded contact.
 Default influence distance FTOLN will be used.
 Average contact surface length               0.50369E-02
 Average contact pair depth                   0.87421E-02
 Average target surface length                0.98670E-02
 User defined pinball region PINB             0.30653E-02
 Default target edge extension factor TOLS     2.0000    
 Initial penetration/gap is excluded.
 Bonded contact (always) is defined.

 *** NOTE ***                            ELAPSED TIME =       7.385   TIME= 19:59:24
 Max.  Initial penetration 1.492193979E-03 was detected between contact  
 element 34814 and target element 34479.                                 
 You may move entire target surface by : x= 1.483319459E-03, y=          
 6.225295269E-05, z= 1.501027085E-04,to reduce initial penetration.      
 ****************************************
  

 *** NOTE ***                            ELAPSED TIME =       7.385   TIME= 19:59:24
 Symmetric Deformable- deformable contact pair identified by real        
 constant set 34 and contact element type 34 has been set up.  The       
 companion pair has real constant set ID 35.  Both pairs should have     
 the same behavior.                                                      
 MAPDL will deactivate the current pair and keep its companion pair,     
 resulting in asymmetric contact.                                        
 MPC anywhere inside pinball may be built
 Distributed constraint is built
 Contact algorithm: MPC based approach

 *** NOTE ***                            ELAPSED TIME =       7.385   TIME= 19:59:24
 Contact related postprocess items (ETABLE, pressure ...) are not        
 available.                                                              
 Contact detection at: nodal point (normal to target surface)
 *WARNING*: Smoothing on certain contact/target nodes (for example       
 10956) may have an accuracy issue.  You may switch contact and target   
 surfaces, or split the current pair into multiple pairs, or use Gauss   
 detection.                                                              
 MPC will be built internally to handle bonded contact.
 Default influence distance FTOLN will be used.
 Average contact surface length               0.97594E-02
 Average contact pair depth                   0.32000E-01
 Average target surface length                0.54928E-02
 User defined pinball region PINB             0.30653E-02
 Default target edge extension factor TOLS     2.0000    
 Initial penetration/gap is excluded.
 Bonded contact (always) is defined.

 *** NOTE ***                            ELAPSED TIME =       7.385   TIME= 19:59:24
 Max.  Initial penetration 3.745936584E-07 was detected between contact  
 element 35301 and target element 35467.                                 
 You may move entire target surface by : x= -1.549366223E-08, y=         
 -7.830053624E-10, z= 3.742722836E-07,to reduce initial penetration.     
 ****************************************
  

 *** NOTE ***                            ELAPSED TIME =       7.385   TIME= 19:59:24
 Symmetric Deformable- deformable contact pair identified by real        
 constant set 35 and contact element type 34 has been set up.  The       
 companion pair has real constant set ID 34.  Both pairs should have     
 the same behavior.                                                      
 MAPDL will keep the current pair and deactivate its companion pair,     
 resulting in asymmetric contact.                                        
 MPC anywhere inside pinball may be built
 Distributed constraint is built
 Contact algorithm: MPC based approach

 *** NOTE ***                            ELAPSED TIME =       7.386   TIME= 19:59:24
 Contact related postprocess items (ETABLE, pressure ...) are not        
 available.                                                              
 Contact detection at: nodal point (normal to target surface)
 *WARNING*: Smoothing on certain contact/target nodes (for example       
 20319) may have an accuracy issue.  You may switch contact and target   
 surfaces, or split the current pair into multiple pairs, or use Gauss   
 detection.                                                              
 MPC will be built internally to handle bonded contact.
 Default influence distance FTOLN will be used.
 Average contact surface length               0.49451E-02
 Average contact pair depth                   0.89873E-02
 Average target surface length                0.97472E-02
 User defined pinball region PINB             0.30653E-02
 Default target edge extension factor TOLS     2.0000    
 Initial penetration/gap is excluded.
 Bonded contact (always) is defined.

 *** NOTE ***                            ELAPSED TIME =       7.386   TIME= 19:59:24
 Max.  Initial penetration 3.018131971E-03 was detected between contact  
 element 35413 and target element 35111.                                 
 You may move entire target surface by : x= -2.763743462E-03, y=         
 2.260723247E-04, z= -1.191525903E-03,to reduce initial penetration.     
 *WARNING*: The detected Max.  Penetration is close to the pair based    
 pinball.  Please verify the pinball radius carefully.                   
 *WARNING*: The geometric gap/penetration may be too large.  Increase    
 pinball radius if it is a true geometric gap/penetration.  Decrease     
 pinball if it is a false one.                                           
 *WARNING*: The initial penetration/gap is relatively large.  Bonded/no  
 separation option may cause an accuracy issue.  Switch to MPC           
 algorithm or you may use the CNCHECK,ADJUST/MORPH command to move the   
 contact nodes towards the target surface.                               
 ****************************************
  

 *** NOTE ***                            ELAPSED TIME =       7.386   TIME= 19:59:24
 Symmetric Deformable- deformable contact pair identified by real        
 constant set 36 and contact element type 36 has been set up.  The       
 companion pair has real constant set ID 37.  Both pairs should have     
 the same behavior.                                                      
 MAPDL will deactivate the current pair and keep its companion pair,     
 resulting in asymmetric contact.                                        
 MPC anywhere inside pinball may be built
 Distributed constraint is built
 Contact algorithm: MPC based approach

 *** NOTE ***                            ELAPSED TIME =       7.386   TIME= 19:59:24
 Contact related postprocess items (ETABLE, pressure ...) are not        
 available.                                                              
 Contact detection at: nodal point (normal to target surface)
 MPC will be built internally to handle bonded contact.
 Default influence distance FTOLN will be used.
 Average contact surface length               0.98133E-02
 Average contact pair depth                   0.32000E-01
 Average target surface length                0.73339E-02
 User defined pinball region PINB             0.30653E-02
 Default target edge extension factor TOLS     2.0000    
 Initial penetration/gap is excluded.
 Bonded contact (always) is defined.

 *** NOTE ***                            ELAPSED TIME =       7.386   TIME= 19:59:24
 Min.  Initial gap 1.34720462E-03 was detected between contact element   
 36272 and target element 37245.                                         
 Contact is detected due to initial settings.                            
  
 Max.  Geometric gap 2.99532638E-03 has been detected between contact    
 element 36499 and target element 37193.                                 
 *WARNING*: The geometric gap/penetration may be too large.  Increase    
 pinball radius if it is a true geometric gap/penetration.  Decrease     
 pinball if it is a false one.                                           
 ****************************************
  

 *** NOTE ***                            ELAPSED TIME =       7.386   TIME= 19:59:24
 Symmetric Deformable- deformable contact pair identified by real        
 constant set 37 and contact element type 36 has been set up.  The       
 companion pair has real constant set ID 36.  Both pairs should have     
 the same behavior.                                                      
 MAPDL will keep the current pair and deactivate its companion pair,     
 resulting in asymmetric contact.                                        
 MPC anywhere inside pinball may be built
 Distributed constraint is built
 Contact algorithm: MPC based approach

 *** NOTE ***                            ELAPSED TIME =       7.387   TIME= 19:59:24
 Contact related postprocess items (ETABLE, pressure ...) are not        
 available.                                                              
 Contact detection at: nodal point (normal to target surface)
 MPC will be built internally to handle bonded contact.
 Default influence distance FTOLN will be used.
 *WARNING*: Boundary conditions, coupling, and/or constraint equations   
 has been applied on certain contact nodes (for example 13073).          
 Overconstraint may occur.                                               
 *WARNING*: Certain contact elements (for example 37125&40882) overlap   
 each other.  Overconstraint may occur.                                  
 Average contact surface length               0.89692E-02
 Average contact pair depth                   0.10000E-01
 Average target surface length                0.98017E-02
 User defined pinball region PINB             0.30653E-02
 Default target edge extension factor TOLS     2.0000    
 Initial penetration/gap is excluded.
 Bonded contact (always) is defined.

 *** NOTE ***                            ELAPSED TIME =       7.387   TIME= 19:59:24
 Min.  Initial gap 1.296986731E-03 was detected between contact element  
 37125 and target element 35508.                                         
 Contact is detected due to initial settings.                            
  
 Max.  Geometric gap 3.063475172E-03 has been detected between contact   
 element 37071 and target element 35873.                                 
 *WARNING*: The geometric gap/penetration may be too large.  Increase    
 pinball radius if it is a true geometric gap/penetration.  Decrease     
 pinball if it is a false one.                                           
 *WARNING*: The detected geometric gap/penetration is close to the pair  
 based pinball.  Please verify the pinball radius carefully.             
 ****************************************
  

 *** NOTE ***                            ELAPSED TIME =       7.387   TIME= 19:59:24
 Symmetric Deformable- deformable contact pair identified by real        
 constant set 38 and contact element type 38 has been set up.  The       
 companion pair has real constant set ID 39.  Both pairs should have     
 the same behavior.                                                      
 MAPDL will deactivate the current pair and keep its companion pair,     
 resulting in asymmetric contact.                                        
 MPC anywhere inside pinball may be built
 Distributed constraint is built
 Contact algorithm: MPC based approach

 *** NOTE ***                            ELAPSED TIME =       7.387   TIME= 19:59:24
 Contact related postprocess items (ETABLE, pressure ...) are not        
 available.                                                              
 Contact detection at: nodal point (normal to target surface)
 MPC will be built internally to handle bonded contact.
 Default influence distance FTOLN will be used.
 Average contact surface length               0.99596E-02
 Average contact pair depth                   0.32000E-01
 Average target surface length                0.75021E-02
 User defined pinball region PINB             0.30653E-02
 Default target edge extension factor TOLS     2.0000    
 Initial penetration/gap is excluded.
 Bonded contact (always) is defined.

 *** NOTE ***                            ELAPSED TIME =       7.387   TIME= 19:59:24
 Min.  Initial gap 8.67578638E-04 was detected between contact element   
 39648 and target element 40733.                                         
 Contact is detected due to initial settings.                            
  
 Max.  Geometric gap 2.337547988E-03 has been detected between contact   
 element 39367 and target element 40828.                                 
 *WARNING*: The geometric gap/penetration may be too large.  Increase    
 pinball radius if it is a true geometric gap/penetration.  Decrease     
 pinball if it is a false one.                                           
 ****************************************
  

 *** NOTE ***                            ELAPSED TIME =       7.387   TIME= 19:59:24
 Symmetric Deformable- deformable contact pair identified by real        
 constant set 39 and contact element type 38 has been set up.  The       
 companion pair has real constant set ID 38.  Both pairs should have     
 the same behavior.                                                      
 MAPDL will keep the current pair and deactivate its companion pair,     
 resulting in asymmetric contact.                                        
 MPC anywhere inside pinball may be built
 Distributed constraint is built
 Contact algorithm: MPC based approach

 *** NOTE ***                            ELAPSED TIME =       7.387   TIME= 19:59:24
 Contact related postprocess items (ETABLE, pressure ...) are not        
 available.                                                              
 Contact detection at: nodal point (normal to target surface)
 MPC will be built internally to handle bonded contact.
 Default influence distance FTOLN will be used.
 *WARNING*: Boundary conditions, coupling, and/or constraint equations   
 has been applied on certain contact nodes (for example 14641).          
 Overconstraint may occur.                                               
 *WARNING*: Certain contact elements (for example 40484&40896) overlap   
 each other.  Overconstraint may occur.                                  
 Average contact surface length               0.90174E-02
 Average contact pair depth                   0.13000E-01
 Average target surface length                0.99548E-02
 User defined pinball region PINB             0.30653E-02
 Default target edge extension factor TOLS     2.0000    
 Initial penetration/gap is excluded.
 Bonded contact (always) is defined.

 *** NOTE ***                            ELAPSED TIME =       7.388   TIME= 19:59:24
 Min.  Initial gap 7.529011265E-04 was detected between contact element  
 40484 and target element 37959.                                         
 Contact is detected due to initial settings.                            
  
 Max.  Geometric gap 2.614444002E-03 has been detected between contact   
 element 40603 and target element 37342.                                 
 *WARNING*: The geometric gap/penetration may be too large.  Increase    
 pinball radius if it is a true geometric gap/penetration.  Decrease     
 pinball if it is a false one.                                           
 ****************************************
  

 *** NOTE ***                            ELAPSED TIME =       7.388   TIME= 19:59:24
 Symmetric Deformable- deformable contact pair identified by real        
 constant set 40 and contact element type 40 has been set up.  The       
 companion pair has real constant set ID 41.  Both pairs should have     
 the same behavior.                                                      
 MAPDL will deactivate the current pair and keep its companion pair,     
 resulting in asymmetric contact.                                        
 Linear contact is defined
 Contact algorithm: Augmented Lagrange method
 Contact detection at: Gauss integration point
 Contact stiffness factor FKN                  10.000    
 The resulting initial contact stiffness      0.47306E+15
 Default penetration tolerance factor FTOLN   0.10000    
 The resulting penetration tolerance          0.29595E-03
 Default opening contact stiffness OPSF will be used.
 Default tangent stiffness factor FKT          1.0000    
 Use constant contact stiffness
 Default Max. friction stress TAUMAX          0.10000E+21
 Average contact surface length               0.98650E-02
 Average contact pair depth                   0.29595E-02
 Average target surface length                0.73339E-02
 User defined pinball region PINB             0.30653E-02
 Initial penetration/gap is excluded.
 Bonded contact (always) is defined.

 *** NOTE ***                            ELAPSED TIME =       7.388   TIME= 19:59:24
 Max.  Initial penetration 0 was detected between contact element 40850  
 and target element 40858.                                               
 ****************************************
  

 *** NOTE ***                            ELAPSED TIME =       7.388   TIME= 19:59:24
 Symmetric Deformable- deformable contact pair identified by real        
 constant set 41 and contact element type 40 has been set up.  The       
 companion pair has real constant set ID 40.  Both pairs should have     
 the same behavior.                                                      
 MAPDL will keep the current pair and deactivate its companion pair,     
 resulting in asymmetric contact.                                        
 Linear contact is defined
 Contact algorithm: Augmented Lagrange method
 Contact detection at: Gauss integration point
 Contact stiffness factor FKN                  10.000    
 The resulting initial contact stiffness      0.47306E+15
 Default penetration tolerance factor FTOLN   0.10000    
 The resulting penetration tolerance          0.10000E-02
 Default opening contact stiffness OPSF will be used.
 Default tangent stiffness factor FKT          1.0000    
 Use constant contact stiffness
 Default Max. friction stress TAUMAX          0.10000E+21
 Average contact surface length               0.89692E-02
 Average contact pair depth                   0.10000E-01
 Average target surface length                0.98643E-02
 User defined pinball region PINB             0.30653E-02
 Initial penetration/gap is excluded.
 Bonded contact (always) is defined.

 *** NOTE ***                            ELAPSED TIME =       7.388   TIME= 19:59:24
 Max.  Initial penetration 0 was detected between contact element 40856  
 and target element 40846.                                               
 ****************************************
  

 *** NOTE ***                            ELAPSED TIME =       7.389   TIME= 19:59:24
 Symmetric Deformable- deformable contact pair identified by real        
 constant set 42 and contact element type 42 has been set up.  The       
 companion pair has real constant set ID 43.  Both pairs should have     
 the same behavior.                                                      
 MAPDL will deactivate the current pair and keep its companion pair,     
 resulting in asymmetric contact.                                        
 Linear contact is defined
 Contact algorithm: Augmented Lagrange method
 Contact detection at: Gauss integration point
 Contact stiffness factor FKN                  10.000    
 The resulting initial contact stiffness      0.49618E+15
 Default penetration tolerance factor FTOLN   0.10000    
 The resulting penetration tolerance          0.28215E-03
 Default opening contact stiffness OPSF will be used.
 Default tangent stiffness factor FKT          1.0000    
 Use constant contact stiffness
 Default Max. friction stress TAUMAX          0.10000E+21
 Average contact surface length               0.94051E-02
 Average contact pair depth                   0.28215E-02
 Average target surface length                0.95000E-02
 User defined pinball region PINB             0.30653E-02
 Initial penetration/gap is excluded.
 Bonded contact (always) is defined.

 *** NOTE ***                            ELAPSED TIME =       7.389   TIME= 19:59:24
 Max.  Initial penetration 0 was detected between contact element 40868  
 and target element 40873.                                               
 ****************************************
  

 *** NOTE ***                            ELAPSED TIME =       7.389   TIME= 19:59:24
 Symmetric Deformable- deformable contact pair identified by real        
 constant set 43 and contact element type 42 has been set up.  The       
 companion pair has real constant set ID 42.  Both pairs should have     
 the same behavior.                                                      
 MAPDL will keep the current pair and deactivate its companion pair,     
 resulting in asymmetric contact.                                        
 Linear contact is defined
 Contact algorithm: Augmented Lagrange method
 Contact detection at: Gauss integration point
 Contact stiffness factor FKN                  10.000    
 The resulting initial contact stiffness      0.49618E+15
 Default penetration tolerance factor FTOLN   0.10000    
 The resulting penetration tolerance          0.99940E-03
 Default opening contact stiffness OPSF will be used.
 Default tangent stiffness factor FKT          1.0000    
 Use constant contact stiffness
 Default Max. friction stress TAUMAX          0.10000E+21
 Average contact surface length               0.82310E-02
 Average contact pair depth                   0.99940E-02
 Average target surface length                0.93766E-02
 User defined pinball region PINB             0.30653E-02
 Initial penetration/gap is excluded.
 Bonded contact (always) is defined.

 *** NOTE ***                            ELAPSED TIME =       7.389   TIME= 19:59:24
 Max.  Initial penetration 0 was detected between contact element 40872  
 and target element 40862.                                               
 ****************************************
  

 *** NOTE ***                            ELAPSED TIME =       7.389   TIME= 19:59:24
 Symmetric Deformable- deformable contact pair identified by real        
 constant set 44 and contact element type 44 has been set up.  The       
 companion pair has real constant set ID 45.  Both pairs should have     
 the same behavior.                                                      
 MAPDL will deactivate the current pair and keep its companion pair,     
 resulting in asymmetric contact.                                        
 MPC anywhere inside pinball may be built
 Distributed constraint is built
 Contact algorithm: MPC based approach

 *** NOTE ***                            ELAPSED TIME =       7.389   TIME= 19:59:24
 Contact related postprocess items (ETABLE, pressure ...) are not        
 available.                                                              
 Contact detection at: nodal point (normal to target surface)
 MPC will be built internally to handle bonded contact.
 Default influence distance FTOLN will be used.
 Average contact surface length               0.10903E-01
 Average contact pair depth                   0.32709E-02
 Average target surface length                0.73339E-02
 User defined pinball region PINB             0.30653E-02
 Default target edge extension factor TOLS     2.0000    
 Initial penetration/gap is excluded.
 Bonded contact (always) is defined.

 *** NOTE ***                            ELAPSED TIME =       7.390   TIME= 19:59:24
 Max.  Initial penetration 1.942890293E-16 was detected between contact  
 element 40878 and target element 40885.                                 
 ****************************************
  

 *** NOTE ***                            ELAPSED TIME =       7.390   TIME= 19:59:24
 Symmetric Deformable- deformable contact pair identified by real        
 constant set 45 and contact element type 44 has been set up.  The       
 companion pair has real constant set ID 44.  Both pairs should have     
 the same behavior.                                                      
 MAPDL will keep the current pair and deactivate its companion pair,     
 resulting in asymmetric contact.                                        
 MPC anywhere inside pinball may be built
 Distributed constraint is built
 Contact algorithm: MPC based approach

 *** NOTE ***                            ELAPSED TIME =       7.390   TIME= 19:59:24
 Contact related postprocess items (ETABLE, pressure ...) are not        
 available.                                                              
 Contact detection at: nodal point (normal to target surface)
 MPC will be built internally to handle bonded contact.
 Default influence distance FTOLN will be used.
 *WARNING*: Certain contact elements (for example 40882&37125) overlap   
 each other.  Overconstraint may occur.                                  
 Average contact surface length               0.89692E-02
 Average contact pair depth                   0.10000E-01
 Average target surface length                0.10850E-01
 User defined pinball region PINB             0.30653E-02
 Default target edge extension factor TOLS     2.0000    
 Initial penetration/gap is excluded.
 Bonded contact (always) is defined.

 *** NOTE ***                            ELAPSED TIME =       7.390   TIME= 19:59:24
 Max.  Initial penetration 1.110223025E-16 was detected between contact  
 element 40882 and target element 40876.                                 
 ****************************************
  

 *** NOTE ***                            ELAPSED TIME =       7.390   TIME= 19:59:24
 Symmetric Deformable- deformable contact pair identified by real        
 constant set 46 and contact element type 46 has been set up.  The       
 companion pair has real constant set ID 47.  Both pairs should have     
 the same behavior.                                                      
 MAPDL will deactivate the current pair and keep its companion pair,     
 resulting in asymmetric contact.                                        
 MPC anywhere inside pinball may be built
 Distributed constraint is built
 Contact algorithm: MPC based approach

 *** NOTE ***                            ELAPSED TIME =       7.390   TIME= 19:59:24
 Contact related postprocess items (ETABLE, pressure ...) are not        
 available.                                                              
 Contact detection at: nodal point (normal to target surface)
 MPC will be built internally to handle bonded contact.
 Default influence distance FTOLN will be used.
 Average contact surface length               0.86284E-02
 Average contact pair depth                   0.25885E-02
 Average target surface length                0.85000E-02
 User defined pinball region PINB             0.30653E-02
 Default target edge extension factor TOLS     2.0000    
 Initial penetration/gap is excluded.
 Bonded contact (always) is defined.

 *** NOTE ***                            ELAPSED TIME =       7.390   TIME= 19:59:24
 Min.  Initial gap 1.110223025E-16 was detected between contact element  
 40891 and target element 40897.                                         
 Contact is detected due to initial settings.                            
 ****************************************
  

 *** NOTE ***                            ELAPSED TIME =       7.390   TIME= 19:59:24
 Symmetric Deformable- deformable contact pair identified by real        
 constant set 47 and contact element type 46 has been set up.  The       
 companion pair has real constant set ID 46.  Both pairs should have     
 the same behavior.                                                      
 MAPDL will keep the current pair and deactivate its companion pair,     
 resulting in asymmetric contact.                                        
 MPC anywhere inside pinball may be built
 Distributed constraint is built
 Contact algorithm: MPC based approach

 *** NOTE ***                            ELAPSED TIME =       7.391   TIME= 19:59:24
 Contact related postprocess items (ETABLE, pressure ...) are not        
 available.                                                              
 Contact detection at: nodal point (normal to target surface)
 MPC will be built internally to handle bonded contact.
 Default influence distance FTOLN will be used.
 *WARNING*: Most likely no MPC equations (or Lagrange multiliers) will   
 be built due to overlapping with other pairs (i.e.  Real constant set   
 39).                                                                    
 Average contact surface length               0.73993E-02
 Average contact pair depth                   0.10007E-01
 Average target surface length                0.85259E-02
 User defined pinball region PINB             0.30653E-02
 Default target edge extension factor TOLS     2.0000    
 Initial penetration/gap is excluded.
 Bonded contact (always) is defined.

 *** NOTE ***                            ELAPSED TIME =       7.391   TIME= 19:59:24
 Max.  Initial penetration 1.110223025E-16 was detected between contact  
 element 40896 and target element 40886.                                 
 ****************************************
  

 *** WARNING ***                         ELAPSED TIME =       7.391   TIME= 19:59:24
 Overconstraint may occur for Lagrange multiplier or MPC based contact   
 algorithm.                                                              
 The reasons for possible overconstraint are:                            

 *** WARNING ***                         ELAPSED TIME =       7.391   TIME= 19:59:24
 Boundary conditions, coupling, and/or constraint equations have been    
 applied on certain contact nodes (for example 14641).                   

 *** WARNING ***                         ELAPSED TIME =       7.391   TIME= 19:59:24
 Certain contact elements (for example 40882 & 37125) overlap with       
 other.                                                                  

 *** WARNING ***                         ELAPSED TIME =       7.392   TIME= 19:59:24
 Certain contact pairs (for example 47 & 39) overlap with other.         
 ****************************************
  
  

  
  
     D I S T R I B U T E D   D O M A I N   D E C O M P O S E R
  
  ...Number of elements: 25250
  ...Number of nodes:    15006
  ...Decompose to 4 CPU domains
  ...Element load balance ratio =     2.246


                      L O A D   S T E P   O P T I O N S

   LOAD STEP NUMBER. . . . . . . . . . . . . . . .     1
   THERMAL STRAINS INCLUDED IN THE LOAD VECTOR . .    NO
   PRINT OUTPUT CONTROLS . . . . . . . . . . . . .NO PRINTOUT
   DATABASE OUTPUT CONTROLS
      ITEM     FREQUENCY   COMPONENT
       ALL       NONE               
      NSOL        ALL               


 *** WARNING ***                         ELAPSED TIME =       9.868   TIME= 19:59:26
 Multiple constraints have been applied on degree of freedom 1 of        
 contact node 11506 (may be more nodes).  The program will remove        
 certain internal MPCs.  Please check the model carefully.               


                         ***********  PRECISE MASS SUMMARY  ***********

   TOTAL RIGID BODY MASS MATRIX ABOUT ORIGIN
               Translational mass               |   Coupled translational/rotational mass
         12.419        0.0000        0.0000     |     0.0000       0.38941E-01   -7.1655    
         0.0000        12.419        0.0000     |   -0.38941E-01    0.0000        1.3970    
         0.0000        0.0000        12.419     |     7.1655       -1.3970        0.0000    
     ------------------------------------------ | ------------------------------------------
                                                |         Rotational mass (inertia)
                                                |     5.6206      -0.77732      -0.41060E-02
                                                |   -0.77732       0.21096      -0.21701E-01
                                                |   -0.41060E-02  -0.21701E-01    5.8288    

   TOTAL MASS =  12.419    
     The mass principal axes coincide with the global Cartesian axes

   CENTER OF MASS (X,Y,Z)=   0.11249       0.57699       0.31357E-02

   TOTAL INERTIA ABOUT CENTER OF MASS
         1.4861       0.28718E-01   0.27436E-03
        0.28718E-01   0.53693E-01   0.76757E-03
        0.27436E-03   0.76757E-03    1.5372    

   PRINCIPAL INERTIAS =    1.4866       0.53117E-01    1.5372    
   ORIENTATION VECTORS OF THE INERTIA PRINCIPAL AXES IN GLOBAL CARTESIAN
     ( 1.000, 0.020,-0.006) (-0.020, 1.000,-0.001) ( 0.006, 0.001, 1.000) 


  *** MASS SUMMARY BY ELEMENT TYPE ***

  TYPE      MASS
     1   11.7343    
     2  0.138010E-02
     3  0.880809E-03
     4  0.200626E-01
     5  0.193259E-01
     6  0.186038E-01
     7  0.178950E-01
     8  0.172001E-01
     9  0.165190E-01
    10  0.158516E-01
    11  0.151985E-01
    12  0.145579E-01
    13  0.139329E-01
    14  0.302475    
    15  0.210600    

 Range of element maximum matrix coefficients in global coordinates
 Maximum = 8.750828005E+09 at element 13388.                             
 Minimum = 3272190.09 at element 29423.                                  

   *** ELEMENT MATRIX FORMULATION TIMES
     TYPE    NUMBER     ENAME   TOTAL ELAPSED   AVG ELAPSED

        1     12870  SHELL181          2.0810   0.000161695
        2        62  SHELL181          0.0137   0.000221287
        3        37  SHELL181          0.0070   0.000187841
        4        59  SOLID186          0.0149   0.000252410
        5        57  SOLID186          0.0178   0.000311482
        6        55  SOLID186          0.0161   0.000292387
        7        52  SOLID186          0.0124   0.000238917
        8        51  SOLID186          0.0126   0.000246980
        9        48  SOLID186          0.0134   0.000280160
       10        46  SOLID186          0.0149   0.000324809
       11        45  SOLID186          0.0128   0.000284240
       12        45  SOLID186          0.0119   0.000264076
       13        41  SOLID186          0.0143   0.000348312
       14       240  SOLID186          0.0645   0.000268583
       15       120  SOLID186          0.0391   0.000326072
       16       345  CONTA174          0.0139   0.000040394
       17       345  TARGE170          0.0024   0.000007032
       18       319  CONTA174          0.0176   0.000055061
       19       319  TARGE170          0.0015   0.000004672
       20       303  CONTA174          0.0144   0.000047438
       21       303  TARGE170          0.0020   0.000006550
       22       304  CONTA174          0.0132   0.000043509
       23       304  TARGE170          0.0015   0.000004915
       24       305  CONTA174          0.0160   0.000052617
       25       305  TARGE170          0.0017   0.000005445
       26       290  CONTA174          0.0114   0.000039262
       27       290  TARGE170          0.0021   0.000007184
       28       286  CONTA174          0.0125   0.000043683
       29       286  TARGE170          0.0023   0.000007950
       30       278  CONTA174          0.0124   0.000044575
       31       278  TARGE170          0.0020   0.000007368
       32       283  CONTA174          0.0124   0.000043837
       33       283  TARGE170          0.0019   0.000006647
       34       288  CONTA174          0.0118   0.000041059
       35       288  TARGE170          0.0031   0.000010809
       36       884  CONTA174          0.0362   0.000040962
       37       884  TARGE170          0.0053   0.000005995
       38      1799  CONTA174          0.0772   0.000042886
       39      1799  TARGE170          0.0105   0.000005838
       40         8  CONTA174          0.0008   0.000096775
       41         8  TARGE170          0.0001   0.000007637
       42         7  CONTA174          0.0006   0.000092329
       43         7  TARGE170          0.0001   0.000007886
       44         6  CONTA174          0.0003   0.000051967
       45         6  TARGE170          0.0001   0.000009133
       46         6  CONTA174          0.0002   0.000037283
       47         6  TARGE170          0.0000   0.000007917
 Elapsed Time at end of element matrix formulation = 12.4006458.         

  BLOCK LANCZOS CALCULATION OF UP TO    12 EIGENVECTORS.
  NUMBER OF EQUATIONS              =        52738
  MAXIMUM WAVEFRONT                =          357
  MAXIMUM MODES STORED             =           12
  MINIMUM EIGENVALUE               =  0.00000E+00
  MAXIMUM EIGENVALUE               =  0.10000E+31



  Memory allocated on only this MPI rank (rank     0)
  -------------------------------------------------------------------
  Equation solver memory allocated                     =    56.183 MB
  Equation solver memory required for in-core mode     =    53.551 MB
  Equation solver memory required for out-of-core mode =    20.707 MB
  Total (solver and non-solver) memory allocated       =   770.996 MB


  Total memory summed across all MPI ranks on this machines
  -------------------------------------------------------------------
  Equation solver memory allocated                     =   225.845 MB
  Equation solver memory required for in-core mode     =   215.274 MB
  Equation solver memory required for out-of-core mode =    82.669 MB
  Total (solver and non-solver) memory allocated       =  1873.153 MB

 *** NOTE ***                            ELAPSED TIME =      14.233   TIME= 19:59:30
 The Distributed Sparse Matrix Solver used by the Block Lanczos          
 eigensolver is currently running in the in-core memory mode.  This      
 memory mode uses the most amount of memory in order to avoid using the  
 hard drive as much as possible, which most often results in the         
 fastest solution time.  This mode is recommended if enough physical     
 memory is present to accommodate all of the solver data.                

  Process memory required for in-core LANCZOS Workspace             =     49.190018 MB
  Process memory required for out-of-core LANCZOS Workspace         =     1.642380 MB

  Total   memory required for in-core LANCZOS Workspace             =     204.719666 MB
  Total   memory required for out-of-core LANCZOS Workspace         =     6.759033 MB

  Lanczos Memory Mode : INCORE


  >> Shift # 1 :  | |                                : 12 Eigenvalues Converged


 *** MAPDL - ENGINEERING ANALYSIS SYSTEM  RELEASE 2026 R1          26.1     ***
 Ansys Mechanical Enterprise Academic Student      
 01055371  VERSION=WINDOWS x64   19:59:32  SEP 27, 2026 Elapsed Time=     15.363

 wing_fea_corrected--Modal (C5)                                                



 *** FREQUENCIES FROM BLOCK LANCZOS ITERATION ***

  MODE    FREQUENCY (HERTZ)      


    1     22.76892191890    
    2     36.98121731653    
    3     64.05255122631    
    4     68.11582688985    
    5     123.2262902242    
    6     141.2855641519    
    7     157.7385358296    
    8     176.1910967855    
    9     211.1084465509    
   10     221.3495134137    
   11     223.1618049302    
   12     266.2016670595    

 *** MAPDL - ENGINEERING ANALYSIS SYSTEM  RELEASE 2026 R1          26.1     ***
 Ansys Mechanical Enterprise Academic Student      
 01055371  VERSION=WINDOWS x64   19:59:32  SEP 27, 2026 Elapsed Time=     15.778

 wing_fea_corrected--Modal (C5)                                                





          ***** PARTICIPATION FACTOR CALCULATION *****  X  DIRECTION
                                                                                  CUMULATIVE     RATIO EFF.MASS
  MODE   FREQUENCY       PERIOD      PARTIC.FACTOR     RATIO    EFFECTIVE MASS   MASS FRACTION   TO TOTAL MASS
     1     22.7689       0.43920E-01   0.15088E-01    0.005634    0.227645E-03    0.311648E-04    0.183307E-04
     2     36.9812       0.27041E-01  -0.15560E-03    0.000058    0.242102E-07    0.311681E-04    0.194948E-08
     3     64.0526       0.15612E-01   0.34383        0.128398    0.118220        0.162156E-01    0.951944E-02
     4     68.1158       0.14681E-01  -0.21140E-03    0.000079    0.446919E-07    0.162156E-01    0.359872E-08
     5     123.226       0.81152E-02   0.14312E-02    0.000534    0.204843E-05    0.162159E-01    0.164946E-06
     6     141.286       0.70779E-02    2.6779        1.000000     7.17090        0.997919        0.577422    
     7     157.739       0.63396E-02   0.14182E-02    0.000530    0.201142E-05    0.997919        0.161965E-06
     8     176.191       0.56757E-02  -0.11751        0.043882    0.138088E-01    0.999809        0.111192E-02
     9     211.108       0.47369E-02   0.14974E-02    0.000559    0.224225E-05    0.999810        0.180553E-06
    10     221.350       0.45177E-02   0.37237E-01    0.013905    0.138658E-02     1.00000        0.111651E-03
    11     223.162       0.44811E-02  -0.12359E-02    0.000462    0.152742E-05     1.00000        0.122992E-06
    12     266.202       0.37566E-02   0.12314E-02    0.000460    0.151633E-05     1.00000        0.122099E-06
 -----------------------------------------------------------------------------------------------------------------
   sum                                                             7.30455                        0.588184    
 -----------------------------------------------------------------------------------------------------------------



          ***** PARTICIPATION FACTOR CALCULATION *****  Y  DIRECTION
                                                                                  CUMULATIVE     RATIO EFF.MASS
  MODE   FREQUENCY       PERIOD      PARTIC.FACTOR     RATIO    EFFECTIVE MASS   MASS FRACTION   TO TOTAL MASS
     1     22.7689       0.43920E-01   0.16634E-02    0.030124    0.276676E-05    0.777798E-03    0.222788E-06
     2     36.9812       0.27041E-01  -0.12404E-01    0.224638    0.153858E-03    0.440306E-01    0.123891E-04
     3     64.0526       0.15612E-01   0.30276E-03    0.005483    0.916637E-07    0.440563E-01    0.738103E-08
     4     68.1158       0.14681E-01   0.57429E-02    0.104006    0.329813E-04    0.533281E-01    0.265575E-05
     5     123.226       0.81152E-02  -0.59915E-03    0.010851    0.358980E-06    0.534290E-01    0.289061E-07
     6     141.286       0.70779E-02   0.55217E-01    1.000000    0.304897E-02    0.910561        0.245512E-03
     7     157.739       0.63396E-02  -0.14753E-01    0.267188    0.217664E-03    0.971751        0.175269E-04
     8     176.191       0.56757E-02  -0.25337E-02    0.045886    0.641970E-05    0.973556        0.516933E-06
     9     211.108       0.47369E-02  -0.73892E-02    0.133819    0.545996E-04    0.988905        0.439652E-05
    10     221.350       0.45177E-02   0.66259E-03    0.012000    0.439026E-06    0.989029        0.353516E-07
    11     223.162       0.44811E-02   0.62383E-02    0.112976    0.389160E-04    0.999969        0.313363E-05
    12     266.202       0.37566E-02  -0.33368E-03    0.006043    0.111342E-06     1.00000        0.896560E-08
 -----------------------------------------------------------------------------------------------------------------
   sum                                                            0.355718E-02                    0.286434E-03
 -----------------------------------------------------------------------------------------------------------------



          ***** PARTICIPATION FACTOR CALCULATION *****  Z  DIRECTION
                                                                                  CUMULATIVE     RATIO EFF.MASS
  MODE   FREQUENCY       PERIOD      PARTIC.FACTOR     RATIO    EFFECTIVE MASS   MASS FRACTION   TO TOTAL MASS
     1     22.7689       0.43920E-01    2.6940        1.000000     7.25769        0.739596        0.584411    
     2     36.9812       0.27041E-01   0.89760E-04    0.000033    0.805678E-08    0.739596        0.648756E-09
     3     64.0526       0.15612E-01   0.12922E-02    0.000480    0.166990E-05    0.739597        0.134466E-06
     4     68.1158       0.14681E-01  -0.30946E-04    0.000011    0.957652E-09    0.739597        0.771129E-10
     5     123.226       0.81152E-02   -1.5832        0.587687     2.50664        0.995036        0.201842    
     6     141.286       0.70779E-02  -0.10534E-01    0.003910    0.110956E-03    0.995047        0.893449E-05
     7     157.739       0.63396E-02   0.75061E-04    0.000028    0.563423E-08    0.995047        0.453685E-09
     8     176.191       0.56757E-02   0.19653E-03    0.000073    0.386236E-07    0.995047        0.311009E-08
     9     211.108       0.47369E-02   0.29450E-03    0.000109    0.867285E-07    0.995047        0.698363E-08
    10     221.350       0.45177E-02   0.78015E-01    0.028959    0.608634E-02    0.995667        0.490090E-03
    11     223.162       0.44811E-02   0.37347E-03    0.000139    0.139479E-06    0.995667        0.112313E-07
    12     266.202       0.37566E-02   0.20620        0.076539    0.425175E-01     1.00000        0.342363E-02
 -----------------------------------------------------------------------------------------------------------------
   sum                                                             9.81305                        0.790175    
 -----------------------------------------------------------------------------------------------------------------



          ***** PARTICIPATION FACTOR CALCULATION *****ROTX DIRECTION
                                                                                  CUMULATIVE     RATIO EFF.MASS
  MODE   FREQUENCY       PERIOD      PARTIC.FACTOR     RATIO    EFFECTIVE MASS   MASS FRACTION   TO TOTAL MASS
     1     22.7689       0.43920E-01    2.3282        1.000000     5.42069        0.969302        0.964427    
     2     36.9812       0.27041E-01   0.93882E-04    0.000040    0.881388E-08    0.969302        0.156813E-08
     3     64.0526       0.15612E-01  -0.65979E-04    0.000028    0.435326E-08    0.969302        0.774516E-09
     4     68.1158       0.14681E-01  -0.26299E-04    0.000011    0.691650E-09    0.969302        0.123056E-09
     5     123.226       0.81152E-02  -0.41254        0.177192    0.170193        0.999736        0.302800E-01
     6     141.286       0.70779E-02  -0.12229E-01    0.005253    0.149556E-03    0.999762        0.266085E-04
     7     157.739       0.63396E-02   0.61757E-04    0.000027    0.381393E-08    0.999762        0.678560E-09
     8     176.191       0.56757E-02  -0.62313E-04    0.000027    0.388288E-08    0.999762        0.690826E-09
     9     211.108       0.47369E-02   0.75566E-04    0.000032    0.571018E-08    0.999762        0.101593E-08
    10     221.350       0.45177E-02   0.24835E-01    0.010667    0.616768E-03    0.999873        0.109733E-03
    11     223.162       0.44811E-02   0.49807E-04    0.000021    0.248077E-08    0.999873        0.441369E-09
    12     266.202       0.37566E-02   0.26692E-01    0.011464    0.712466E-03     1.00000        0.126759E-03
 -----------------------------------------------------------------------------------------------------------------
   sum                                                             5.59236                        0.994970    
 -----------------------------------------------------------------------------------------------------------------



          ***** PARTICIPATION FACTOR CALCULATION *****ROTY DIRECTION
                                                                                  CUMULATIVE     RATIO EFF.MASS
  MODE   FREQUENCY       PERIOD      PARTIC.FACTOR     RATIO    EFFECTIVE MASS   MASS FRACTION   TO TOTAL MASS
     1     22.7689       0.43920E-01  -0.28804        1.000000    0.829673E-01    0.521150        0.393290    
     2     36.9812       0.27041E-01  -0.10155E-04    0.000035    0.103126E-09    0.521150        0.488849E-09
     3     64.0526       0.15612E-01   0.14734E-02    0.005115    0.217099E-05    0.521164        0.102911E-04
     4     68.1158       0.14681E-01   0.13048E-05    0.000005    0.170257E-11    0.521164        0.807071E-11
     5     123.226       0.81152E-02   0.20059        0.696385    0.402351E-01    0.773896        0.190727    
     6     141.286       0.70779E-02   0.49312E-02    0.017120    0.243170E-04    0.774049        0.115270E-03
     7     157.739       0.63396E-02  -0.10950E-04    0.000038    0.119895E-09    0.774049        0.568340E-09
     8     176.191       0.56757E-02   0.11937E-02    0.004144    0.142494E-05    0.774058        0.675463E-05
     9     211.108       0.47369E-02  -0.91369E-04    0.000317    0.834826E-08    0.774058        0.395733E-07
    10     221.350       0.45177E-02   0.18747        0.650838    0.351441E-01    0.994812        0.166594    
    11     223.162       0.44811E-02  -0.73938E-04    0.000257    0.546686E-08    0.994812        0.259146E-07
    12     266.202       0.37566E-02  -0.28738E-01    0.099770    0.825855E-03     1.00000        0.391480E-02
 -----------------------------------------------------------------------------------------------------------------
   sum                                                            0.159200                        0.754658    
 -----------------------------------------------------------------------------------------------------------------



          ***** PARTICIPATION FACTOR CALCULATION *****ROTZ DIRECTION
                                                                                  CUMULATIVE     RATIO EFF.MASS
  MODE   FREQUENCY       PERIOD      PARTIC.FACTOR     RATIO    EFFECTIVE MASS   MASS FRACTION   TO TOTAL MASS
     1     22.7689       0.43920E-01  -0.12961E-01    0.005565    0.167995E-03    0.308640E-04    0.288217E-04
     2     36.9812       0.27041E-01  -0.87263E-04    0.000037    0.761482E-08    0.308654E-04    0.130642E-08
     3     64.0526       0.15612E-01  -0.11486        0.049317    0.131925E-01    0.245459E-02    0.226334E-02
     4     68.1158       0.14681E-01   0.12831E-02    0.000551    0.164642E-05    0.245489E-02    0.282465E-06
     5     123.226       0.81152E-02  -0.74656E-02    0.003206    0.557351E-04    0.246513E-02    0.956206E-05
     6     141.286       0.70779E-02   -2.3290        1.000000     5.42414        0.998987        0.930581    
     7     157.739       0.63396E-02  -0.28158E-02    0.001209    0.792890E-05    0.998989        0.136030E-05
     8     176.191       0.56757E-02   0.58902E-01    0.025291    0.346944E-02    0.999626        0.595227E-03
     9     211.108       0.47369E-02  -0.16805E-02    0.000722    0.282395E-05    0.999627        0.484484E-06
    10     221.350       0.45177E-02  -0.44584E-01    0.019143    0.198777E-02    0.999992        0.341028E-03
    11     223.162       0.44811E-02   0.13792E-02    0.000592    0.190214E-05    0.999992        0.326337E-06
    12     266.202       0.37566E-02   0.64750E-02    0.002780    0.419256E-04     1.00000        0.719288E-05
 -----------------------------------------------------------------------------------------------------------------
   sum                                                             5.44307                        0.933829    
 -----------------------------------------------------------------------------------------------------------------





 *** NOTE ***                            ELAPSED TIME =      15.779   TIME= 19:59:32
 The modes requested are mass normalized (Nrmkey on MODOPT).  However,   
 the modal masses and kinetic energies below are calculated with unit    
 normalized modes.                                                       

        ***** MODAL MASSES, KINETIC ENERGIES, AND TRANSLATIONAL EFFECTIVE MASSES SUMMARY *****

                                                                         EFFECTIVE MASS
  MODE  FREQUENCY   MODAL MASS     KENE      |      X-DIR      RATIO%   Y-DIR      RATIO%   Z-DIR      RATIO% 
     1   22.77       1.965      0.2011E+05   |    0.2276E-03    0.00  0.2767E-05    0.00   7.258       58.44
     2   36.98      0.7336E-07  0.1980E-02   |    0.2421E-07    0.00  0.1539E-03    0.00  0.8057E-08    0.00
     3   64.05      0.6135E-01   4969.       |    0.1182        0.95  0.9166E-07    0.00  0.1670E-05    0.00
     4   68.12      0.9140E-08  0.8371E-03   |    0.4469E-07    0.00  0.3298E-04    0.00  0.9577E-09    0.00
     5   123.2      0.6888E-01  0.2065E+05   |    0.2048E-05    0.00  0.3590E-06    0.00   2.507       20.18
     6   141.3      0.2985E-01  0.1176E+05   |     7.171       57.74  0.3049E-02    0.02  0.1110E-03    0.00
     7   157.7      0.3857E-07  0.1895E-01   |    0.2011E-05    0.00  0.2177E-03    0.00  0.5634E-08    0.00
     8   176.2      0.6660E-01  0.4081E+05   |    0.1381E-01    0.11  0.6420E-05    0.00  0.3862E-07    0.00
     9   211.1      0.5660E-08  0.4979E-02   |    0.2242E-05    0.00  0.5460E-04    0.00  0.8673E-07    0.00
    10   221.3      0.1996E-01  0.1930E+05   |    0.1387E-02    0.01  0.4390E-06    0.00  0.6086E-02    0.05
    11   223.2      0.5373E-08  0.5282E-02   |    0.1527E-05    0.00  0.3892E-04    0.00  0.1395E-06    0.00
    12   266.2      0.6479E-01  0.9063E+05   |    0.1516E-05    0.00  0.1113E-06    0.00  0.4252E-01    0.34
 --------------------------------------------------------------------------------------------------------------
   sum                                       |     7.305       58.82  0.3557E-02    0.03   9.813       79.02
 --------------------------------------------------------------------------------------------------------------


 *** MAPDL BINARY FILE STATISTICS
  BUFFER SIZE USED= 16384
        0.938 MB WRITTEN ON ELEMENT SAVED DATA FILE: file0.esav
       15.125 MB WRITTEN ON ASSEMBLED MATRIX FILE: file0.full
        1.312 MB WRITTEN ON MODAL MATRIX FILE: file0.mode
        2.812 MB WRITTEN ON RESULTS FILE: file0.rst
 *************** Write FE CONNECTORS *********

 WRITE OUT CONSTRAINT EQUATIONS TO FILE= file.ce                                                                                                                                                                                                                                                             

 *GET  _NMODALSOLPROC  FROM  ACTI  ITEM=NUMC       VALUE=  4.00000000    

 FINISH SOLUTION PROCESSING


 ***** ROUTINE COMPLETED *****  ELAPSED TIME =        16.741



 PRINTOUT RESUMED BY /GOP

 *GET  _WALLASOL  FROM  ACTI  ITEM=TIME WALL  VALUE= 0.465094158E-02

 *** MAPDL - ENGINEERING ANALYSIS SYSTEM  RELEASE 2026 R1          26.1     ***
 Ansys Mechanical Enterprise Academic Student      
 01055371  VERSION=WINDOWS x64   19:59:33  SEP 27, 2026 Elapsed Time=     16.758

 wing_fea_corrected--Modal (C5)                                                



          ***** MAPDL RESULTS INTERPRETATION (POST1) *****

 *** NOTE ***                            ELAPSED TIME =      16.758   TIME= 19:59:33
 Reading results into the database (SET command) will update the current 
 displacement and force boundary conditions in the database with the     
 values from the results file for that load set.  Note that any          
 subsequent solutions will use these values unless action is taken to    
 either SAVE the current values or not overwrite them (/EXIT,NOSAVE).    

 PRINTOUT RESUMED BY /GOP

 Set Encoding of XML File to:ISO-8859-1

 Set Output of XML File to:
     PARM,     ,     ,     ,     ,     ,     ,     ,     ,     ,     ,     ,
         ,     ,     ,     ,     ,     ,     ,

 DATABASE WRITTEN ON FILE  parm.xml                                                                                                                                                                                                                                                            

 EXIT THE MAPDL POST1 DATABASE PROCESSOR


 ***** ROUTINE COMPLETED *****  ELAPSED TIME =        16.815



 PRINTOUT RESUMED BY /GOP

 *GET  _WALLDONE  FROM  ACTI  ITEM=TIME WALL  VALUE= 0.467104575E-02

 PARAMETER _PREPTIME =    0.2417729000    

 PARAMETER _SOLVTIME =     11.07645880    

 PARAMETER _POSTTIME =    0.7237500000E-01

 PARAMETER _TOTALTIM =     11.39060670    

 *GET  _DLBRATIO  FROM  ACTI  ITEM=SOLU DLBR  VALUE=  2.24646907    

 *GET  _COMBTIME  FROM  ACTI  ITEM=SOLU COMB  VALUE= 0.199868900    

 *GET  _SSMODE   FROM  ACTI  ITEM=SOLU SSMM  VALUE=  2.00000000    

 *GET  _NDOFS    FROM  ACTI  ITEM=SOLU NDOF  VALUE=  52738.0000    

 /FCLEAN COMMAND REMOVING ALL LOCAL FILES
 --- Total number of nodes = 15006
 --- Total number of elements = 25250
 --- Element load balance ratio = 2.24646907
 --- Time to combine distributed files = 0.1998689
 --- Sparse memory mode = 2
 --- Number of DOF = 52738

 EXIT MAPDL WITHOUT SAVING DATABASE


 NUMBER OF WARNING MESSAGES ENCOUNTERED=          6
 NUMBER OF ERROR   MESSAGES ENCOUNTERED=          0

+--------------------- M A P D L   S T A T I S T I C S ------------------------+

Release: 2026 R1            Build: 26.1       Update: UP20260202   Platform: WINDOWS x64 
Date Run: 09/27/2026   Time: 19:59     Process ID: 27756
Operating System: Windows 11  (Build: 26200)

Processor Model: AMD Ryzen 7 7435HS

Compiler: Intel(R) Fortran Compiler Classic Version 2021.9  (Build: 20230302)
          Intel(R) C/C++ Compiler Classic Version 2021.9  (Build: 20230302)
          AOCL-BLAS 5.1.1 Build 20251008
          Intel(R) oneAPI Math Kernel Library Version 2024.2.3-Product Build 20250403

Number of machines requested            :    1
Total number of cores available         :   16
Number of physical cores available      :    8
Number of processes requested           :    4
Number of threads per process requested :    1
Total number of cores requested         :    4 (Distributed Memory Parallel)               
MPI Type: INTELMPI
MPI Version: Intel(R) MPI Library 2021.16 for Windows* OS


GPU Acceleration: Not Requested

Job Name: file0
Input File: dummy.dat

  Core                Machine Name   Working Directory
 -----------------------------------------------------
     0             LAPTOP-VLVD1EO8   C:\Users\Deeptanshu\AppData\Local\Temp\wbfix_grcgi124\_ProjectScratch\Scr8C57
     1             LAPTOP-VLVD1EO8   C:\Users\Deeptanshu\AppData\Local\Temp\wbfix_grcgi124\_ProjectScratch\Scr8C57
     2             LAPTOP-VLVD1EO8   C:\Users\Deeptanshu\AppData\Local\Temp\wbfix_grcgi124\_ProjectScratch\Scr8C57
     3             LAPTOP-VLVD1EO8   C:\Users\Deeptanshu\AppData\Local\Temp\wbfix_grcgi124\_ProjectScratch\Scr8C57
 
Latency time from master to core     1 =   10.016 microseconds
Latency time from master to core     2 =    7.024 microseconds
Latency time from master to core     3 =    7.076 microseconds
 
Communication speed from master to core     1 =  4375.89 MB/sec
Communication speed from master to core     2 =  5541.59 MB/sec
Communication speed from master to core     3 =  5043.15 MB/sec

Total CPU time for main thread                    :       12.1 seconds
Total CPU time summed for all threads             :       16.8 seconds

Elapsed time spent obtaining a license            :        0.6 seconds
Elapsed time spent pre-processing model (/PREP7)  :        0.2 seconds
Elapsed time spent solution - preprocessing       :        2.4 seconds
Elapsed time spent computing solution             :        7.5 seconds
   Elapsed time in element formation & assembly   :        2.9 seconds
   Elapsed time in equation solver                :        3.1 seconds
   Elapsed time in element result calculations    :        0.3 seconds
Elapsed time spent solution - postprocessing      :        0.2 seconds
Elapsed time spent post-processing model (/POST1) :        0.1 seconds
 
Eigensolver used                                  :            Block Lanczos
Sparse direct equation solver computational rate  :       32.5 Gflops
Sparse direct equation solver effective I/O rate  :       15.3 GB/sec

Sum of disk space used on all processes           :      198.0 MB

Sum of memory used on all processes               :      679.0 MB
Sum of memory allocated on all processes          :     3264.0 MB
Physical memory available                         :         24 GB
Total amount of I/O written to disk               :        0.1 GB
Total amount of I/O read from disk                :        0.1 GB

+------------------ E N D   M A P D L   S T A T I S T I C S -------------------+


 *-----------------------------------------------------------------------------*
 |                                                                             |
 |                               RUN COMPLETED                                 |
 |                                                                             |
 |-----------------------------------------------------------------------------|
 |                                                                             |
 |  Ansys MAPDL 2026 R1         Build 26.1         UP20260202    WINDOWS x64   |
 |                                                                             |
 |-----------------------------------------------------------------------------|
 |                                                                             |
 |  Database Requested(-db)     1024 MB     Scratch Memory Requested   1024 MB |
 |  Max Database Used(Master)     38 MB     Max Scratch Used(Master)    157 MB |
 |  Max Database Used(Workers)     1 MB     Max Scratch Used(Workers)   209 MB |
 |  Sum Database Used(All)        41 MB     Sum Scratch Used(All)       638 MB |
 |                                                                             |
 |-----------------------------------------------------------------------------|
 |                                                                             |
 |        CP Time      (sec) =         16.750       Time  =  19:59:43          |
 |        Elapsed Time (sec) =         27.230       Date  =  09/27/2026        |
 |                                                                             |
 *-----------------------------------------------------------------------------*
