
 Ansys Mechanical Enterprise Academic Student      


 *------------------------------------------------------------------*
 |                                                                  |
 |   W E L C O M E   T O   T H E   A N S Y S (R)  P R O G R A M     |
 |                                                                  |
 *------------------------------------------------------------------*




 ***************************************************************
 *         ANSYS MAPDL 2026 R1          LEGAL NOTICES          *
 ***************************************************************
 *                                                             *
 * Copyright (c) 2026 Synopsys, Inc. and ANSYS, Inc.           *
 * All rights reserved.                                        *
 * Unauthorized use, distribution or duplication is            *
 * prohibited.                                                 *
 *                                                             *
 * Ansys is a registered trademark of Ansys, Inc. or its       *
 * subsidiaries in the United States or other countries.       *
 * See the Ansys, Inc. online documentation or the Ansys, Inc. *
 * documentation CD or online help for the complete Legal      *
 * Notice.                                                     *
 *                                                             *
 ***************************************************************
 *                                                             *
 * THIS ANSYS SOFTWARE PRODUCT AND PROGRAM DOCUMENTATION       *
 * INCLUDE TRADE SECRETS AND CONFIDENTIAL AND PROPRIETARY      *
 * PRODUCTS OF ANSYS, INC., ITS SUBSIDIARIES, OR LICENSORS.    *
 * The software products and documentation are furnished by    *
 * Ansys, Inc. or its subsidiaries under a software license    *
 * agreement that contains provisions concerning               *
 * non-disclosure, copying, length and nature of use,          *
 * compliance with exporting laws, warranties, disclaimers,    *
 * limitations of liability, and remedies, and other           *
 * provisions.  The software products and documentation may be *
 * used, disclosed, transferred, or copied only in accordance  *
 * with the terms and conditions of that software license      *
 * agreement.                                                  *
 *                                                             *
 * Ansys, Inc. is a UL registered                              *
 * ISO 9001:2015 company.                                      *
 *                                                             *
 ***************************************************************
 *                                                             *
 * This product is subject to U.S. laws governing export and   *
 * re-export.                                                  *
 *                                                             *
 * For U.S. Government users, except as specifically granted   *
 * by the Ansys, Inc. software license agreement, the use,     *
 * duplication, or disclosure by the United States Government  *
 * is subject to restrictions stated in the Ansys, Inc.        *
 * software license agreement and FAR 12.212 (for non-DOD      *
 * licenses).                                                  *
 *                                                             *
 ***************************************************************

 2026 R1 
     
 Point Releases and Patches installed:   
     
 Ansys, Inc. License Manager 2026 R1 
 Discovery (full install) 2026 R1
 Core WB Files 2026 R1   
 optiSLang Core UI 2026 R1   
 CFX (includes CFD-Post) 2026 R1 
 Chemkin 2026 R1 
 EnSight 2026 R1 
 FENSAP-ICE 2026 R1  
 Fluent (includes CFD-Post) 2026 R1  
 Polyflow (includes CFD-Post) 2026 R1
 Forte (includes EnSight) 2026 R1
 Rocky 2026 R1   
 TurboGrid 2026 R1   
 ACIS Geometry Interface 2026 R1 
 AutoCAD Geometry Interface 2026 R1  
 Catia, Version 4 Geometry Interface 2026 R1 
 Catia, Version 5 Geometry Interface 2026 R1 
 Catia, Version 6 Geometry Interface 2026 R1 
 Creo Elements/Direct Modeling Geometry Interface 2026 R1
 Creo Parametric Geometry Interface 2026 R1  
 Inventor Geometry Interface 2026 R1 
 JTOpen Geometry Interface 2026 R1   
 NX Geometry Interface 2026 R1   
 Parasolid Geometry Interface  2026 R1   
 Solid Edge Geometry Interface 2026 R1   
 SOLIDWORKS Geometry Interface 2026 R1   
 Speos 2026 R1   
 SpaceClaim 2026 R1  
 Speos RPC 2026 R1   
 Zemax OpticStudio 2026 R1   
 Dynamic Reporting 2026 R1   
 Aqwa 2026 R1
 Autodyn 2026 R1 
 Material Calibration App 2026 R1
 Mechanical Products 2026 R1 
 Motion 2026 R1  
 Academic Student 2026 R1


          *****  MAPDL COMMAND LINE ARGUMENTS  *****
  BATCH MODE REQUESTED (-b)    = NOLIST
  INPUT FILE COPY MODE (-c)    = COPY
  DISTRIBUTED MEMORY PARALLEL REQUESTED
       4 PARALLEL PROCESSES REQUESTED WITH SINGLE THREAD PER PROCESS
    TOTAL OF     4 CORES REQUESTED
  INPUT FILE NAME              = D:\6th sem\FEA\project\_ProjectScratch\Scr882E\dummy.dat
  OUTPUT FILE NAME             = D:\6th sem\FEA\project\_ProjectScratch\Scr882E\solve.out
  START-UP FILE MODE           = NOREAD
  STOP FILE MODE               = NOREAD

 RELEASE= 2026 R1              BUILD= 26.1      UP20260202   VERSION=WINDOWS x64 
 CURRENT JOBNAME=file0  18:51:43  MAY 09, 2026  Elapsed Time=       0.094


 PARAMETER _DS_PROGRESS =     999.0000000    

 /INPUT FILE= ds.dat  LINE=       0



 *** NOTE ***                            ELAPSED TIME =       5.076   TIME= 18:51:43
 The /CONFIG,NOELDB command is not valid in a distributed memory         
 parallel solution.  Command is ignored.                                 

 *GET  _WALLSTRT  FROM  ACTI  ITEM=TIME WALL  VALUE= 0.141661283E-02

 TITLE= 
 unfailed attempt--Static Structural (B5)                                      

  ACT Extensions:
      LSDYNA, 2026.1
      5f463412-bd3e-484b-87e7-cbc0a665e474, wbex
      ANSYSMotion, 2026.1
      20180725-3f81-49eb-9f31-41364844c769, wbex

 SET PARAMETER DIMENSIONS ON  _WB_PROJECTSCRATCH_DIR
  TYPE=STRI  DIMENSIONS=      248        1        1

 PARAMETER _WB_PROJECTSCRATCH_DIR(1) = D:\6th sem\FEA\project\_ProjectScratch\Scr882E\

 SET PARAMETER DIMENSIONS ON  _WB_SOLVERFILES_DIR
  TYPE=STRI  DIMENSIONS=      248        1        1

 PARAMETER _WB_SOLVERFILES_DIR(1) = D:\6th sem\FEA\project\unfailed attempt_files\dp0\SYS-2\MECH\

 SET PARAMETER DIMENSIONS ON  _WB_USERFILES_DIR
  TYPE=STRI  DIMENSIONS=      248        1        1

 PARAMETER _WB_USERFILES_DIR(1) = D:\6th sem\FEA\project\unfailed attempt_files\user_files\
 --- Data in consistent MKS units. See Solving Units in the help system for more

 MKS UNITS SPECIFIED FOR INTERNAL    
  LENGTH        (l)  = METER (M)
  MASS          (M)  = KILOGRAM (KG)
  TIME          (t)  = SECOND (SEC)
  TEMPERATURE   (T)  = CELSIUS (C)
  TOFFSET            = 273.0
  CHARGE        (Q)  = COULOMB
  FORCE         (f)  = NEWTON (N) (KG-M/SEC2)
  HEAT               = JOULE (N-M)

  PRESSURE           = PASCAL (NEWTON/M**2)
  ENERGY        (W)  = JOULE (N-M)
  POWER         (P)  = WATT (N-M/SEC)
  CURRENT       (i)  = AMPERE (COULOMBS/SEC)
  CAPACITANCE   (C)  = FARAD
  INDUCTANCE    (L)  = HENRY
  MAGNETIC FLUX      = WEBER
  RESISTANCE    (R)  = OHM
  ELECTRIC POTENTIAL = VOLT

 INPUT  UNITS ARE ALSO SET TO MKS 

 *** MAPDL - ENGINEERING ANALYSIS SYSTEM  RELEASE 2026 R1          26.1     ***
 Ansys Mechanical Enterprise Academic Student      
 01055371  VERSION=WINDOWS x64   18:51:43  MAY 09, 2026 Elapsed Time=      5.102

 unfailed attempt--Static Structural (B5)                                      



          ***** MAPDL ANALYSIS DEFINITION (PREP7) *****
 *********** Send User Defined Coordinate System(s) ***********
 *********** Nodes for the whole assembly ***********
 *********** Elements for Body 1 'FEA Proeject (v4~recovered)|Wing_body' *******
 *********** Elements for Body 2 'FEA Proeject (v4~recovered)|Body44' **********
 *********** Elements for Body 3 'FEA Proeject (v4~recovered)|Body45' **********
 *********** Elements for Body 4 'FEA Proeject (v4~recovered)|Rib1' ***********
 *********** Elements for Body 5 'FEA Proeject (v4~recovered)|rib2' ***********
 *********** Elements for Body 6 'FEA Proeject (v4~recovered)|rib3' ***********
 *********** Elements for Body 7 'FEA Proeject (v4~recovered)|rib4' ***********
 *********** Elements for Body 8 'FEA Proeject (v4~recovered)|rib5' ***********
 *********** Elements for Body 9 'FEA Proeject (v4~recovered)|rib6' ***********
 *********** Elements for Body 10 'FEA Proeject (v4~recovered)|rib7' ***********
 *********** Elements for Body 11 'FEA Proeject (v4~recovered)|rib8' ***********
 *********** Elements for Body 12 'FEA Proeject (v4~recovered)|rib9' ***********
 *********** Elements for Body 13 'FEA Proeject (v4~recovered)|rib10' **********
 *********** Elements for Body 14 'FEA Proeject (v4~recovered)|spar1' **********
 *********** Elements for Body 15 'FEA Proeject (v4~recovered)|spar2' **********
 *********** Set Reference Temperature ***********
 *********** Send Materials ***********
 *********** Send Sheet Properties ***********
 *********** Create Contact "Contact Region" ***********
             Real Constant Set For Above Contact Is 17 & 16
 *********** Create Contact "Contact Region 2" ***********
             Real Constant Set For Above Contact Is 19 & 18
 *********** Create Contact "Contact Region 3" ***********
             Real Constant Set For Above Contact Is 21 & 20
 *********** Create Contact "Contact Region 4" ***********
             Real Constant Set For Above Contact Is 23 & 22
 *********** Create Contact "Contact Region 5" ***********
             Real Constant Set For Above Contact Is 25 & 24
 *********** Create Contact "Contact Region 6" ***********
             Real Constant Set For Above Contact Is 27 & 26
 *********** Create Contact "Contact Region 7" ***********
             Real Constant Set For Above Contact Is 29 & 28
 *********** Create Contact "Contact Region 8" ***********
             Real Constant Set For Above Contact Is 31 & 30
 *********** Create Contact "Contact Region 9" ***********
             Real Constant Set For Above Contact Is 33 & 32
 *********** Create Contact "Contact Region 10" ***********
             Real Constant Set For Above Contact Is 35 & 34
 *********** Create Contact "Contact Region 11" ***********
             Real Constant Set For Above Contact Is 37 & 36
 *********** Create Contact "Contact Region 12" ***********
             Real Constant Set For Above Contact Is 39 & 38
 *********** Create Contact "Contact Region 13" ***********
             Real Constant Set For Above Contact Is 41 & 40
 *********** Create Contact "Contact Region 14" ***********
             Real Constant Set For Above Contact Is 43 & 42
 *********** Create Contact "Contact Region 15" ***********
             Real Constant Set For Above Contact Is 45 & 44
 *********** Create Contact "Contact Region 16" ***********
             Real Constant Set For Above Contact Is 47 & 46
 *********** Fixed Supports ***********
 *********** Define Pressure Vector Using Surface Effect Elements ***********
 *********** Construct Weak Springs, Prototype 1 ***********
 *********** Construct Weak Springs, Prototype 2 ***********
 *********** Construct Weak Springs, Prototype 3 ***********
 *********** Construct Weak Springs, Prototype 4 ***********
 *********** Construct Weak Springs, Prototype 5 ***********
 *********** Construct Weak Springs, Prototype 6 ***********
 *********** Construct Weak Springs, Prototype 7 ***********
 *********** Construct Weak Springs, Prototype 8 ***********
 *********** Construct Weak Springs, Prototype 9 ***********
 *********** Construct Weak Springs, Prototype 10 ***********
 *********** Construct Weak Springs, Prototype 11 ***********
 *********** Construct Weak Springs, Prototype 12 ***********
 *********** Construct Weak Springs, Prototype 13 ***********
 *********** Construct Weak Springs, Prototype 14 ***********
 *********** Construct Weak Springs, Prototype 15 ***********


 ***** ROUTINE COMPLETED *****  ELAPSED TIME =         5.517


 --- Number of total nodes = 15366
 --- Number of contact elements = 24292
 --- Number of spring elements = 360
 --- Number of bearing elements = 0
 --- Number of solid elements = 13828
 --- Number of condensed parts = 0
 --- Number of total elements = 38480

 *GET  _WALLBSOL  FROM  ACTI  ITEM=TIME WALL  VALUE= 0.153304739E-02
 ****************************************************************************
 *************************    SOLUTION       ********************************
 ****************************************************************************

 *****  MAPDL SOLUTION ROUTINE  *****


 PERFORM A STATIC ANALYSIS
  THIS WILL BE A NEW ANALYSIS

 PARAMETER _THICKRATIO =     0.000000000    

 USE SPARSE MATRIX DIRECT SOLVER

 CONTACT INFORMATION PRINTOUT LEVEL       1

 DO NOT COMBINE ELEMENT MATRIX FILES (.emat) AFTER DISTRIBUTED PARALLEL SOLUTION

 DO NOT COMBINE ELEMENT SAVE DATA FILES (.esav) AFTER DISTRIBUTED PARALLEL SOLUTION

 NLDIAG: Nonlinear diagnostics CONT option is set to ON. 
         Writing frequency : each ITERATION.

 DO NOT SAVE ANY RESTART FILES AT ALL
 ****************************************************
 ******************* SOLVE FOR LS 1 OF 1 ****************

 SELECT       FOR ITEM=TYPE COMPONENT=    
  IN RANGE        48 TO         48 STEP          1

      12870  ELEMENTS (OF      38480  DEFINED) SELECTED BY  ESEL  COMMAND.

 SELECT      ALL NODES HAVING ANY ELEMENT IN ELEMENT SET.

       6482 NODES (OF      15366  DEFINED) SELECTED FROM
    12870 SELECTED ELEMENTS BY NSLE COMMAND.

 SPECIFIED SURFACE LOAD PRES FOR ALL SELECTED ELEMENTS  LKEY =  1   KVAL = 1
     VALUES =     0.0000         0.0000         0.0000         0.0000    

 SPECIFIED SURFACE LOAD PRES FOR ALL SELECTED ELEMENTS  LKEY =  2   KVAL = 1
     VALUES =     0.0000         0.0000         0.0000         0.0000    

 SPECIFIED SURFACE LOAD PRES FOR ALL SELECTED ELEMENTS  LKEY =  3   KVAL = 1
     VALUES =     800.00         800.00         800.00         800.00    

 ALL SELECT   FOR ITEM=NODE COMPONENT=    
  IN RANGE         1 TO      15366 STEP          1

      15366  NODES (OF      15366  DEFINED) SELECTED BY NSEL  COMMAND.

 ALL SELECT   FOR ITEM=ELEM COMPONENT=    
  IN RANGE         1 TO      41158 STEP          1

      38480  ELEMENTS (OF      38480  DEFINED) SELECTED BY  ESEL  COMMAND.

 PRINTOUT RESUMED BY /GOP

 USE       1 SUBSTEPS INITIALLY THIS LOAD STEP FOR ALL  DEGREES OF FREEDOM
 FOR AUTOMATIC TIME STEPPING:
   USE      1 SUBSTEPS AS A MAXIMUM
   USE      1 SUBSTEPS AS A MINIMUM

 TIME=  1.0000    

 ERASE THE CURRENT DATABASE OUTPUT CONTROL TABLE.


 WRITE ALL  ITEMS TO THE DATABASE WITH A FREQUENCY OF NONE
   FOR ALL APPLICABLE ENTITIES

 WRITE NSOL ITEMS TO THE DATABASE WITH A FREQUENCY OF ALL 
   FOR ALL APPLICABLE ENTITIES

 WRITE RSOL ITEMS TO THE DATABASE WITH A FREQUENCY OF ALL 
   FOR ALL APPLICABLE ENTITIES

 WRITE EANG ITEMS TO THE DATABASE WITH A FREQUENCY OF ALL 
   FOR ALL APPLICABLE ENTITIES

 WRITE ETMP ITEMS TO THE DATABASE WITH A FREQUENCY OF ALL 
   FOR ALL APPLICABLE ENTITIES

 WRITE VENG ITEMS TO THE DATABASE WITH A FREQUENCY OF ALL 
   FOR ALL APPLICABLE ENTITIES

 WRITE STRS ITEMS TO THE DATABASE WITH A FREQUENCY OF ALL 
   FOR ALL APPLICABLE ENTITIES

 WRITE EPEL ITEMS TO THE DATABASE WITH A FREQUENCY OF ALL 
   FOR ALL APPLICABLE ENTITIES

 WRITE EPPL ITEMS TO THE DATABASE WITH A FREQUENCY OF ALL 
   FOR ALL APPLICABLE ENTITIES

 WRITE CONT ITEMS TO THE DATABASE WITH A FREQUENCY OF ALL 
   FOR ALL APPLICABLE ENTITIES

 *GET  ANSINTER_  FROM  ACTI  ITEM=INT        VALUE=  0.00000000    

 *IF  ANSINTER_  ( =   0.00000     )  NE  
      0  ( =   0.00000     )  THEN    

 *ENDIF

 *** NOTE ***                            ELAPSED TIME =       5.598   TIME= 18:51:43
 The automatic domain decomposition logic has selected the MESH domain   
 decomposition method with 4 processes per solution.                     

 *****  MAPDL SOLVE    COMMAND  *****

 *** WARNING ***                         ELAPSED TIME =       5.692   TIME= 18:51:44
 Element shape checking is currently inactive.  Issue SHPP,ON or         
 SHPP,WARN to reactivate, if desired.                                    

 *** NOTE ***                            ELAPSED TIME =       5.785   TIME= 18:51:44
 The model data was checked and warning messages were found.             
  Please review output or errors file ( D:\6th                           
 sem\FEA\project\_ProjectScratch\Scr882E\file0.err ) for these warning   
 messages.                                                               

 *** SELECTION OF ELEMENT TECHNOLOGIES FOR APPLICABLE ELEMENTS ***
      --- GIVE SUGGESTIONS AND RESET THE KEY OPTIONS ---

 ELEMENT TYPE         1 IS SHELL181. IT IS ASSOCIATED WITH ELASTOPLASTIC 
 MATERIALS ONLY. KEYOPT(8)=2 IS SUGGESTED AND KEYOPT(3)=2 IS SUGGESTED FOR
 HIGHER ACCURACY OF MEMBRANE STRESSES; OTHERWISE, KEYOPT(3)=0 IS SUGGESTED. 
 KEYOPT(8) HAS BEEN RESET BUT KEYOPT(3) CAN NOT BE RESET HERE. PLEASE RESET 
 IT MANUALLY IF NECESSARY.
  KEYOPT(1-12)=    0    0    2    0    0    0    0    2    0    0    0    0

 ELEMENT TYPE         2 IS SHELL181. IT IS ASSOCIATED WITH ELASTOPLASTIC 
 MATERIALS ONLY. KEYOPT(8)=2 IS SUGGESTED AND KEYOPT(3)=2 IS SUGGESTED FOR
 HIGHER ACCURACY OF MEMBRANE STRESSES; OTHERWISE, KEYOPT(3)=0 IS SUGGESTED. 
 KEYOPT(8) HAS BEEN RESET BUT KEYOPT(3) CAN NOT BE RESET HERE. PLEASE RESET 
 IT MANUALLY IF NECESSARY.
  KEYOPT(1-12)=    0    0    2    0    0    0    0    2    0    0    0    0

 ELEMENT TYPE         3 IS SHELL181. IT IS ASSOCIATED WITH ELASTOPLASTIC 
 MATERIALS ONLY. KEYOPT(8)=2 IS SUGGESTED AND KEYOPT(3)=2 IS SUGGESTED FOR
 HIGHER ACCURACY OF MEMBRANE STRESSES; OTHERWISE, KEYOPT(3)=0 IS SUGGESTED. 
 KEYOPT(8) HAS BEEN RESET BUT KEYOPT(3) CAN NOT BE RESET HERE. PLEASE RESET 
 IT MANUALLY IF NECESSARY.
  KEYOPT(1-12)=    0    0    2    0    0    0    0    2    0    0    0    0

 ELEMENT TYPE         4 IS SOLID186. KEYOPT(2)=0 IS SUGGESTED AND HAS BEEN RESET.
  KEYOPT(1-12)=    0    0    0    0    0    0    0    0    0    0    0    0

 ELEMENT TYPE         5 IS SOLID186. KEYOPT(2)=0 IS SUGGESTED AND HAS BEEN RESET.
  KEYOPT(1-12)=    0    0    0    0    0    0    0    0    0    0    0    0

 ELEMENT TYPE         6 IS SOLID186. KEYOPT(2)=0 IS SUGGESTED AND HAS BEEN RESET.
  KEYOPT(1-12)=    0    0    0    0    0    0    0    0    0    0    0    0

 ELEMENT TYPE         7 IS SOLID186. KEYOPT(2)=0 IS SUGGESTED AND HAS BEEN RESET.
  KEYOPT(1-12)=    0    0    0    0    0    0    0    0    0    0    0    0

 ELEMENT TYPE         8 IS SOLID186. KEYOPT(2)=0 IS SUGGESTED AND HAS BEEN RESET.
  KEYOPT(1-12)=    0    0    0    0    0    0    0    0    0    0    0    0

 ELEMENT TYPE         9 IS SOLID186. KEYOPT(2)=0 IS SUGGESTED AND HAS BEEN RESET.
  KEYOPT(1-12)=    0    0    0    0    0    0    0    0    0    0    0    0

 ELEMENT TYPE        10 IS SOLID186. KEYOPT(2)=0 IS SUGGESTED AND HAS BEEN RESET.
  KEYOPT(1-12)=    0    0    0    0    0    0    0    0    0    0    0    0

 ELEMENT TYPE        11 IS SOLID186. KEYOPT(2)=0 IS SUGGESTED AND HAS BEEN RESET.
  KEYOPT(1-12)=    0    0    0    0    0    0    0    0    0    0    0    0

 ELEMENT TYPE        12 IS SOLID186. KEYOPT(2)=0 IS SUGGESTED AND HAS BEEN RESET.
  KEYOPT(1-12)=    0    0    0    0    0    0    0    0    0    0    0    0

 ELEMENT TYPE        13 IS SOLID186. KEYOPT(2)=0 IS SUGGESTED AND HAS BEEN RESET.
  KEYOPT(1-12)=    0    0    0    0    0    0    0    0    0    0    0    0

 ELEMENT TYPE        14 IS SOLID186. KEYOPT(2)=0 IS SUGGESTED AND HAS BEEN RESET.
  KEYOPT(1-12)=    0    0    0    0    0    0    0    0    0    0    0    0

 ELEMENT TYPE        15 IS SOLID186. KEYOPT(2)=0 IS SUGGESTED AND HAS BEEN RESET.
  KEYOPT(1-12)=    0    0    0    0    0    0    0    0    0    0    0    0



 *** MAPDL - ENGINEERING ANALYSIS SYSTEM  RELEASE 2026 R1          26.1     ***
 Ansys Mechanical Enterprise Academic Student      
 01055371  VERSION=WINDOWS x64   18:51:44  MAY 09, 2026 Elapsed Time=      5.808

 unfailed attempt--Static Structural (B5)                                      



                       S O L U T I O N   O P T I O N S

   PROBLEM DIMENSIONALITY. . . . . . . . . . . . .3-D                  
   DEGREES OF FREEDOM. . . . . . UX   UY   UZ   ROTX ROTY ROTZ
   ANALYSIS TYPE . . . . . . . . . . . . . . . . .STATIC (STEADY-STATE)
   OFFSET TEMPERATURE FROM ABSOLUTE ZERO . . . . .  273.15    
   EQUATION SOLVER OPTION. . . . . . . . . . . . .SPARSE             
   GLOBALLY ASSEMBLED MATRIX . . . . . . . . . . .SYMMETRIC  

 *** WARNING ***                         ELAPSED TIME =       5.883   TIME= 18:51:44
 Material number 48 (used by element 27929) should normally have at      
 least one MP or one TB type command associated with it.  Output of      
 energy by material may not be available.                                

 *** NOTE ***                            ELAPSED TIME =       5.953   TIME= 18:51:44
 The step data was checked and warning messages were found.              
  Please review output or errors file ( D:\6th                           
 sem\FEA\project\_ProjectScratch\Scr882E\file0.err ) for these warning   
 messages.                                                               
 *WARNING*: Some MPC/Lagrange based elements (e.g.16801) in real         
 constant set 16 overlap with other MPC/Lagrange based elements          
 (e.g.25897) in real constant set 38 which can cause overconstraint.     

 *** NOTE ***                            ELAPSED TIME =       6.630   TIME= 18:51:44
 Smoothing on certain target nodes (e.g.6745) for pair ID 16 may have    
 accuracy issue.  Please verify element normal of connected target       
 elements (e.g.17145 & 17146).                                           

 *** NOTE ***                            ELAPSED TIME =       7.448   TIME= 18:51:45
 Symmetric Deformable- deformable contact pair identified by real        
 constant set 16 and contact element type 16 has been set up.  The       
 companion pair has real constant set ID 17.  Both pairs should have     
 the same behavior.                                                      
 MAPDL will deactivate the current pair and keep its companion pair,     
 resulting in asymmetric contact.                                        
 MPC anywhere inside pinball may be built
 Distributed constraint is built
 Contact algorithm: MPC based approach

 *** NOTE ***                            ELAPSED TIME =       7.448   TIME= 18:51:45
 Contact related postprocess items (ETABLE, pressure ...) are not        
 available.                                                              
 Contact detection at: nodal point (normal to target surface)
 *WARNING*: Smoothing on certain contact/target nodes (for example 6745) 
 may have an accuracy issue.  You may switch contact and target          
 surfaces, or split the current pair into multiple pairs, or use Gauss   
 detection.                                                              
 MPC will be built internally to handle bonded contact.
 Default influence distance FTOLN will be used.
 Average contact surface length               0.99396E-02
 Average contact pair depth                   0.32000E-01
 Average target surface length                0.55676E-02
 User defined pinball region PINB             0.30653E-02
 Default target edge extension factor TOLS     2.0000    
 Initial penetration/gap is excluded.
 Bonded contact (always) is defined.

 *** NOTE ***                            ELAPSED TIME =       7.449   TIME= 18:51:45
 Max.  Initial penetration 2.272647934E-06 was detected between contact  
 element 16831 and target element 17168.                                 
 You may move entire target surface by : x= 8.868902969E-07, y=          
 -7.031782924E-09, z= -2.092439913E-06,to reduce initial penetration.    
 ****************************************
  

 *** NOTE ***                            ELAPSED TIME =       7.449   TIME= 18:51:45
 Symmetric Deformable- deformable contact pair identified by real        
 constant set 17 and contact element type 16 has been set up.  The       
 companion pair has real constant set ID 16.  Both pairs should have     
 the same behavior.                                                      
 MAPDL will keep the current pair and deactivate its companion pair,     
 resulting in asymmetric contact.                                        
 MPC anywhere inside pinball may be built
 Distributed constraint is built
 Contact algorithm: MPC based approach

 *** NOTE ***                            ELAPSED TIME =       7.449   TIME= 18:51:45
 Contact related postprocess items (ETABLE, pressure ...) are not        
 available.                                                              
 Contact detection at: nodal point (normal to target surface)
 *WARNING*: Smoothing on certain contact/target nodes (for example 5219) 
 may have an accuracy issue.  You may switch contact and target          
 surfaces, or split the current pair into multiple pairs, or use Gauss   
 detection.                                                              
 MPC will be built internally to handle bonded contact.
 Default influence distance FTOLN will be used.
 Average contact surface length               0.50064E-02
 Average contact pair depth                   0.86992E-02
 Average target surface length                0.99309E-02
 User defined pinball region PINB             0.30653E-02
 Default target edge extension factor TOLS     2.0000    
 Initial penetration/gap is excluded.
 Bonded contact (always) is defined.

 *** NOTE ***                            ELAPSED TIME =       7.449   TIME= 18:51:45
 Max.  Initial penetration 2.850155279E-03 was detected between contact  
 element 17120 and target element 16603.                                 
 You may move entire target surface by : x= -2.48864567E-03, y=          
 -1.022083832E-05, z= -1.389216822E-03,to reduce initial penetration.    
 *WARNING*: The detected Max.  Penetration is close to the pair based    
 pinball.  Please verify the pinball radius carefully.                   
 *WARNING*: The geometric gap/penetration may be too large.  Increase    
 pinball radius if it is a true geometric gap/penetration.  Decrease     
 pinball if it is a false one.                                           
 *WARNING*: The initial penetration/gap is relatively large.  Bonded/no  
 separation option may cause an accuracy issue.  Switch to MPC           
 algorithm or you may use the CNCHECK,ADJUST/MORPH command to move the   
 contact nodes towards the target surface.                               
 ****************************************
  

 *** NOTE ***                            ELAPSED TIME =       7.449   TIME= 18:51:45
 Symmetric Deformable- deformable contact pair identified by real        
 constant set 18 and contact element type 18 has been set up.  The       
 companion pair has real constant set ID 19.  Both pairs should have     
 the same behavior.                                                      
 MAPDL will deactivate the current pair and keep its companion pair,     
 resulting in asymmetric contact.                                        
 MPC anywhere inside pinball may be built
 Distributed constraint is built
 Contact algorithm: MPC based approach

 *** NOTE ***                            ELAPSED TIME =       7.449   TIME= 18:51:45
 Contact related postprocess items (ETABLE, pressure ...) are not        
 available.                                                              
 Contact detection at: nodal point (normal to target surface)
 *WARNING*: Smoothing on certain contact/target nodes (for example 7275) 
 may have an accuracy issue.  You may switch contact and target          
 surfaces, or split the current pair into multiple pairs, or use Gauss   
 detection.                                                              
 MPC will be built internally to handle bonded contact.
 Default influence distance FTOLN will be used.
 Average contact surface length               0.99268E-02
 Average contact pair depth                   0.32000E-01
 Average target surface length                0.56669E-02
 User defined pinball region PINB             0.30653E-02
 Default target edge extension factor TOLS     2.0000    
 Initial penetration/gap is excluded.
 Bonded contact (always) is defined.

 *** NOTE ***                            ELAPSED TIME =       7.449   TIME= 18:51:45
 Min.  Initial gap 5.230173639E-08 was detected between contact element  
 17629 and target element 17830.                                         
 Contact is detected due to initial settings.                            
 ****************************************
  

 *** NOTE ***                            ELAPSED TIME =       7.449   TIME= 18:51:45
 Symmetric Deformable- deformable contact pair identified by real        
 constant set 19 and contact element type 18 has been set up.  The       
 companion pair has real constant set ID 18.  Both pairs should have     
 the same behavior.                                                      
 MAPDL will keep the current pair and deactivate its companion pair,     
 resulting in asymmetric contact.                                        
 MPC anywhere inside pinball may be built
 Distributed constraint is built
 Contact algorithm: MPC based approach

 *** NOTE ***                            ELAPSED TIME =       7.450   TIME= 18:51:45
 Contact related postprocess items (ETABLE, pressure ...) are not        
 available.                                                              
 Contact detection at: nodal point (normal to target surface)
 *WARNING*: Smoothing on certain contact/target nodes (for example 1154) 
 may have an accuracy issue.  You may switch contact and target          
 surfaces, or split the current pair into multiple pairs, or use Gauss   
 detection.                                                              
 MPC will be built internally to handle bonded contact.
 Default influence distance FTOLN will be used.
 Average contact surface length               0.51029E-02
 Average contact pair depth                   0.85584E-02
 Average target surface length                0.99159E-02
 User defined pinball region PINB             0.30653E-02
 Default target edge extension factor TOLS     2.0000    
 Initial penetration/gap is excluded.
 Bonded contact (always) is defined.

 *** NOTE ***                            ELAPSED TIME =       7.450   TIME= 18:51:45
 Max.  Initial penetration 2.406520529E-03 was detected between contact  
 element 17761 and target element 17232.                                 
 You may move entire target surface by : x= -2.197008634E-03, y=         
 -5.229671804E-05, z= -9.806932092E-04,to reduce initial penetration.    
 *WARNING*: The geometric gap/penetration may be too large.  Increase    
 pinball radius if it is a true geometric gap/penetration.  Decrease     
 pinball if it is a false one.                                           
 *WARNING*: The initial penetration/gap is relatively large.  Bonded/no  
 separation option may cause an accuracy issue.  Switch to MPC           
 algorithm or you may use the CNCHECK,ADJUST/MORPH command to move the   
 contact nodes towards the target surface.                               
 ****************************************
  

 *** NOTE ***                            ELAPSED TIME =       7.450   TIME= 18:51:45
 Symmetric Deformable- deformable contact pair identified by real        
 constant set 20 and contact element type 20 has been set up.  The       
 companion pair has real constant set ID 21.  Both pairs should have     
 the same behavior.                                                      
 MAPDL will deactivate the current pair and keep its companion pair,     
 resulting in asymmetric contact.                                        
 MPC anywhere inside pinball may be built
 Distributed constraint is built
 Contact algorithm: MPC based approach

 *** NOTE ***                            ELAPSED TIME =       7.450   TIME= 18:51:45
 Contact related postprocess items (ETABLE, pressure ...) are not        
 available.                                                              
 Contact detection at: nodal point (normal to target surface)
 *WARNING*: Smoothing on certain contact/target nodes (for example 7789) 
 may have an accuracy issue.  You may switch contact and target          
 surfaces, or split the current pair into multiple pairs, or use Gauss   
 detection.                                                              
 MPC will be built internally to handle bonded contact.
 Default influence distance FTOLN will be used.
 Average contact surface length               0.99243E-02
 Average contact pair depth                   0.32000E-01
 Average target surface length                0.55743E-02
 User defined pinball region PINB             0.30653E-02
 Default target edge extension factor TOLS     2.0000    
 Initial penetration/gap is excluded.
 Bonded contact (always) is defined.

 *** NOTE ***                            ELAPSED TIME =       7.450   TIME= 18:51:45
 Max.  Initial penetration 8.607487346E-07 was detected between contact  
 element 18212 and target element 18408.                                 
 You may move entire target surface by : x= 6.836201265E-08, y=          
 -1.853361162E-09, z= -8.580277293E-07,to reduce initial penetration.    
 ****************************************
  

 *** NOTE ***                            ELAPSED TIME =       7.450   TIME= 18:51:45
 Symmetric Deformable- deformable contact pair identified by real        
 constant set 21 and contact element type 20 has been set up.  The       
 companion pair has real constant set ID 20.  Both pairs should have     
 the same behavior.                                                      
 MAPDL will keep the current pair and deactivate its companion pair,     
 resulting in asymmetric contact.                                        
 MPC anywhere inside pinball may be built
 Distributed constraint is built
 Contact algorithm: MPC based approach

 *** NOTE ***                            ELAPSED TIME =       7.450   TIME= 18:51:45
 Contact related postprocess items (ETABLE, pressure ...) are not        
 available.                                                              
 Contact detection at: nodal point (normal to target surface)
 *WARNING*: Smoothing on certain contact/target nodes (for example 5375) 
 may have an accuracy issue.  You may switch contact and target          
 surfaces, or split the current pair into multiple pairs, or use Gauss   
 detection.                                                              
 MPC will be built internally to handle bonded contact.
 Default influence distance FTOLN will be used.
 Average contact surface length               0.50131E-02
 Average contact pair depth                   0.87710E-02
 Average target surface length                0.99160E-02
 User defined pinball region PINB             0.30653E-02
 Default target edge extension factor TOLS     2.0000    
 Initial penetration/gap is excluded.
 Bonded contact (always) is defined.

 *** NOTE ***                            ELAPSED TIME =       7.450   TIME= 18:51:45
 Max.  Initial penetration 2.752861323E-03 was detected between contact  
 element 18367 and target element 17917.                                 
 You may move entire target surface by : x= -2.382224264E-03, y=         
 1.6219194E-05, z= -1.379489021E-03,to reduce initial penetration.       
 *WARNING*: The geometric gap/penetration may be too large.  Increase    
 pinball radius if it is a true geometric gap/penetration.  Decrease     
 pinball if it is a false one.                                           
 *WARNING*: The initial penetration/gap is relatively large.  Bonded/no  
 separation option may cause an accuracy issue.  Switch to MPC           
 algorithm or you may use the CNCHECK,ADJUST/MORPH command to move the   
 contact nodes towards the target surface.                               
 ****************************************
  

 *** NOTE ***                            ELAPSED TIME =       7.451   TIME= 18:51:45
 Symmetric Deformable- deformable contact pair identified by real        
 constant set 22 and contact element type 22 has been set up.  The       
 companion pair has real constant set ID 23.  Both pairs should have     
 the same behavior.                                                      
 MAPDL will deactivate the current pair and keep its companion pair,     
 resulting in asymmetric contact.                                        
 MPC anywhere inside pinball may be built
 Distributed constraint is built
 Contact algorithm: MPC based approach

 *** NOTE ***                            ELAPSED TIME =       7.451   TIME= 18:51:45
 Contact related postprocess items (ETABLE, pressure ...) are not        
 available.                                                              
 Contact detection at: nodal point (normal to target surface)
 *WARNING*: Smoothing on certain contact/target nodes (for example 8292) 
 may have an accuracy issue.  You may switch contact and target          
 surfaces, or split the current pair into multiple pairs, or use Gauss   
 detection.                                                              
 MPC will be built internally to handle bonded contact.
 Default influence distance FTOLN will be used.
 Average contact surface length               0.99872E-02
 Average contact pair depth                   0.32000E-01
 Average target surface length                0.56780E-02
 User defined pinball region PINB             0.30653E-02
 Default target edge extension factor TOLS     2.0000    
 Initial penetration/gap is excluded.
 Bonded contact (always) is defined.

 *** NOTE ***                            ELAPSED TIME =       7.451   TIME= 18:51:45
 Max.  Initial penetration 7.918732614E-07 was detected between contact  
 element 18807 and target element 19031.                                 
 You may move entire target surface by : x= 3.753533212E-08, y=          
 -2.471369249E-09, z= 7.909793002E-07,to reduce initial penetration.     
 ****************************************
  

 *** NOTE ***                            ELAPSED TIME =       7.451   TIME= 18:51:45
 Symmetric Deformable- deformable contact pair identified by real        
 constant set 23 and contact element type 22 has been set up.  The       
 companion pair has real constant set ID 22.  Both pairs should have     
 the same behavior.                                                      
 MAPDL will keep the current pair and deactivate its companion pair,     
 resulting in asymmetric contact.                                        
 MPC anywhere inside pinball may be built
 Distributed constraint is built
 Contact algorithm: MPC based approach

 *** NOTE ***                            ELAPSED TIME =       7.451   TIME= 18:51:45
 Contact related postprocess items (ETABLE, pressure ...) are not        
 available.                                                              
 Contact detection at: nodal point (normal to target surface)
 *WARNING*: Smoothing on certain contact/target nodes (for example 6142) 
 may have an accuracy issue.  You may switch contact and target          
 surfaces, or split the current pair into multiple pairs, or use Gauss   
 detection.                                                              
 MPC will be built internally to handle bonded contact.
 Default influence distance FTOLN will be used.
 Average contact surface length               0.51138E-02
 Average contact pair depth                   0.86459E-02
 Average target surface length                0.99810E-02
 User defined pinball region PINB             0.30653E-02
 Default target edge extension factor TOLS     2.0000    
 Initial penetration/gap is excluded.
 Bonded contact (always) is defined.

 *** NOTE ***                            ELAPSED TIME =       7.451   TIME= 18:51:45
 Max.  Initial penetration 2.074832348E-03 was detected between contact  
 element 18975 and target element 18611.                                 
 You may move entire target surface by : x= -1.622061224E-03, y=         
 -1.283959221E-04, z= 1.28738539E-03,to reduce initial penetration.      
 *WARNING*: The geometric gap/penetration may be too large.  Increase    
 pinball radius if it is a true geometric gap/penetration.  Decrease     
 pinball if it is a false one.                                           
 ****************************************
  

 *** NOTE ***                            ELAPSED TIME =       7.451   TIME= 18:51:45
 Symmetric Deformable- deformable contact pair identified by real        
 constant set 24 and contact element type 24 has been set up.  The       
 companion pair has real constant set ID 25.  Both pairs should have     
 the same behavior.                                                      
 MAPDL will deactivate the current pair and keep its companion pair,     
 resulting in asymmetric contact.                                        
 MPC anywhere inside pinball may be built
 Distributed constraint is built
 Contact algorithm: MPC based approach

 *** NOTE ***                            ELAPSED TIME =       7.451   TIME= 18:51:45
 Contact related postprocess items (ETABLE, pressure ...) are not        
 available.                                                              
 Contact detection at: nodal point (normal to target surface)
 *WARNING*: Smoothing on certain contact/target nodes (for example 8770) 
 may have an accuracy issue.  You may switch contact and target          
 surfaces, or split the current pair into multiple pairs, or use Gauss   
 detection.                                                              
 MPC will be built internally to handle bonded contact.
 Default influence distance FTOLN will be used.
 Average contact surface length               0.98836E-02
 Average contact pair depth                   0.32000E-01
 Average target surface length                0.55816E-02
 User defined pinball region PINB             0.30653E-02
 Default target edge extension factor TOLS     2.0000    
 Initial penetration/gap is excluded.
 Bonded contact (always) is defined.

 *** NOTE ***                            ELAPSED TIME =       7.451   TIME= 18:51:45
 Max.  Initial penetration 4.76066251E-06 was detected between contact   
 element 19311 and target element 19638.                                 
 You may move entire target surface by : x= 6.982972341E-07, y=          
 -1.084900507E-08, z= 4.709158185E-06,to reduce initial penetration.     
 ****************************************
  

 *** NOTE ***                            ELAPSED TIME =       7.451   TIME= 18:51:45
 Symmetric Deformable- deformable contact pair identified by real        
 constant set 25 and contact element type 24 has been set up.  The       
 companion pair has real constant set ID 24.  Both pairs should have     
 the same behavior.                                                      
 MAPDL will keep the current pair and deactivate its companion pair,     
 resulting in asymmetric contact.                                        
 MPC anywhere inside pinball may be built
 Distributed constraint is built
 Contact algorithm: MPC based approach

 *** NOTE ***                            ELAPSED TIME =       7.452   TIME= 18:51:45
 Contact related postprocess items (ETABLE, pressure ...) are not        
 available.                                                              
 Contact detection at: nodal point (normal to target surface)
 *WARNING*: Smoothing on certain contact/target nodes (for example 2743) 
 may have an accuracy issue.  You may switch contact and target          
 surfaces, or split the current pair into multiple pairs, or use Gauss   
 detection.                                                              
 MPC will be built internally to handle bonded contact.
 Default influence distance FTOLN will be used.
 Average contact surface length               0.50290E-02
 Average contact pair depth                   0.88270E-02
 Average target surface length                0.98752E-02
 User defined pinball region PINB             0.30653E-02
 Default target edge extension factor TOLS     2.0000    
 Initial penetration/gap is excluded.
 Bonded contact (always) is defined.

 *** NOTE ***                            ELAPSED TIME =       7.452   TIME= 18:51:45
 Max.  Initial penetration 1.841156452E-03 was detected between contact  
 element 19585 and target element 19147.                                 
 You may move entire target surface by : x= -1.665152228E-03, y=         
 -8.751265452E-06, z= 7.855243809E-04,to reduce initial penetration.     
 *WARNING*: The geometric gap/penetration may be too large.  Increase    
 pinball radius if it is a true geometric gap/penetration.  Decrease     
 pinball if it is a false one.                                           
 ****************************************
  

 *** NOTE ***                            ELAPSED TIME =       7.452   TIME= 18:51:45
 Symmetric Deformable- deformable contact pair identified by real        
 constant set 26 and contact element type 26 has been set up.  The       
 companion pair has real constant set ID 27.  Both pairs should have     
 the same behavior.                                                      
 MAPDL will deactivate the current pair and keep its companion pair,     
 resulting in asymmetric contact.                                        
 MPC anywhere inside pinball may be built
 Distributed constraint is built
 Contact algorithm: MPC based approach

 *** NOTE ***                            ELAPSED TIME =       7.452   TIME= 18:51:45
 Contact related postprocess items (ETABLE, pressure ...) are not        
 available.                                                              
 Contact detection at: nodal point (normal to target surface)
 *WARNING*: Smoothing on certain contact/target nodes (for example 9241) 
 may have an accuracy issue.  You may switch contact and target          
 surfaces, or split the current pair into multiple pairs, or use Gauss   
 detection.                                                              
 MPC will be built internally to handle bonded contact.
 Default influence distance FTOLN will be used.
 Average contact surface length               0.10045E-01
 Average contact pair depth                   0.32000E-01
 Average target surface length                0.56900E-02
 User defined pinball region PINB             0.30653E-02
 Default target edge extension factor TOLS     2.0000    
 Initial penetration/gap is excluded.
 Bonded contact (always) is defined.

 *** NOTE ***                            ELAPSED TIME =       7.452   TIME= 18:51:45
 Max.  Initial penetration 1.612546145E-06 was detected between contact  
 element 19957 and target element 20214.                                 
 You may move entire target surface by : x= 6.571333187E-07, y=          
 2.210277218E-09, z= -1.472574611E-06,to reduce initial penetration.     
 ****************************************
  

 *** NOTE ***                            ELAPSED TIME =       7.452   TIME= 18:51:45
 Symmetric Deformable- deformable contact pair identified by real        
 constant set 27 and contact element type 26 has been set up.  The       
 companion pair has real constant set ID 26.  Both pairs should have     
 the same behavior.                                                      
 MAPDL will keep the current pair and deactivate its companion pair,     
 resulting in asymmetric contact.                                        
 MPC anywhere inside pinball may be built
 Distributed constraint is built
 Contact algorithm: MPC based approach

 *** NOTE ***                            ELAPSED TIME =       7.452   TIME= 18:51:45
 Contact related postprocess items (ETABLE, pressure ...) are not        
 available.                                                              
 Contact detection at: nodal point (normal to target surface)
 *WARNING*: Smoothing on certain contact/target nodes (for example 6322) 
 may have an accuracy issue.  You may switch contact and target          
 surfaces, or split the current pair into multiple pairs, or use Gauss   
 detection.                                                              
 MPC will be built internally to handle bonded contact.
 Default influence distance FTOLN will be used.
 Average contact surface length               0.51257E-02
 Average contact pair depth                   0.88986E-02
 Average target surface length                0.10033E-01
 User defined pinball region PINB             0.30653E-02
 Default target edge extension factor TOLS     2.0000    
 Initial penetration/gap is excluded.
 Bonded contact (always) is defined.

 *** NOTE ***                            ELAPSED TIME =       7.452   TIME= 18:51:45
 Max.  Initial penetration 2.861747223E-03 was detected between contact  
 element 20169 and target element 19725.                                 
 You may move entire target surface by : x= -2.641298278E-03, y=         
 -7.966374582E-05, z= 1.09854188E-03,to reduce initial penetration.      
 *WARNING*: The detected Max.  Penetration is close to the pair based    
 pinball.  Please verify the pinball radius carefully.                   
 *WARNING*: The geometric gap/penetration may be too large.  Increase    
 pinball radius if it is a true geometric gap/penetration.  Decrease     
 pinball if it is a false one.                                           
 *WARNING*: The initial penetration/gap is relatively large.  Bonded/no  
 separation option may cause an accuracy issue.  Switch to MPC           
 algorithm or you may use the CNCHECK,ADJUST/MORPH command to move the   
 contact nodes towards the target surface.                               
 ****************************************
  

 *** NOTE ***                            ELAPSED TIME =       7.452   TIME= 18:51:45
 Symmetric Deformable- deformable contact pair identified by real        
 constant set 28 and contact element type 28 has been set up.  The       
 companion pair has real constant set ID 29.  Both pairs should have     
 the same behavior.                                                      
 MAPDL will deactivate the current pair and keep its companion pair,     
 resulting in asymmetric contact.                                        
 MPC anywhere inside pinball may be built
 Distributed constraint is built
 Contact algorithm: MPC based approach

 *** NOTE ***                            ELAPSED TIME =       7.453   TIME= 18:51:45
 Contact related postprocess items (ETABLE, pressure ...) are not        
 available.                                                              
 Contact detection at: nodal point (normal to target surface)
 *WARNING*: Smoothing on certain contact/target nodes (for example 9685) 
 may have an accuracy issue.  You may switch contact and target          
 surfaces, or split the current pair into multiple pairs, or use Gauss   
 detection.                                                              
 MPC will be built internally to handle bonded contact.
 Default influence distance FTOLN will be used.
 Average contact surface length               0.98952E-02
 Average contact pair depth                   0.32000E-01
 Average target surface length                0.56353E-02
 User defined pinball region PINB             0.30653E-02
 Default target edge extension factor TOLS     2.0000    
 Initial penetration/gap is excluded.
 Bonded contact (always) is defined.

 *** NOTE ***                            ELAPSED TIME =       7.453   TIME= 18:51:45
 Max.  Initial penetration 2.124706429E-06 was detected between contact  
 element 20593 and target element 20784.                                 
 You may move entire target surface by : x= 3.55868863E-07, y=           
 -3.885052385E-09, z= -2.094688441E-06,to reduce initial penetration.    
 ****************************************
  

 *** NOTE ***                            ELAPSED TIME =       7.453   TIME= 18:51:45
 Symmetric Deformable- deformable contact pair identified by real        
 constant set 29 and contact element type 28 has been set up.  The       
 companion pair has real constant set ID 28.  Both pairs should have     
 the same behavior.                                                      
 MAPDL will keep the current pair and deactivate its companion pair,     
 resulting in asymmetric contact.                                        
 MPC anywhere inside pinball may be built
 Distributed constraint is built
 Contact algorithm: MPC based approach

 *** NOTE ***                            ELAPSED TIME =       7.453   TIME= 18:51:45
 Contact related postprocess items (ETABLE, pressure ...) are not        
 available.                                                              
 Contact detection at: nodal point (normal to target surface)
 *WARNING*: Smoothing on certain contact/target nodes (for example 814)  
 may have an accuracy issue.  You may switch contact and target          
 surfaces, or split the current pair into multiple pairs, or use Gauss   
 detection.                                                              
 MPC will be built internally to handle bonded contact.
 Default influence distance FTOLN will be used.
 Average contact surface length               0.50722E-02
 Average contact pair depth                   0.94675E-02
 Average target surface length                0.98892E-02
 User defined pinball region PINB             0.30653E-02
 Default target edge extension factor TOLS     2.0000    
 Initial penetration/gap is excluded.
 Bonded contact (always) is defined.

 *** NOTE ***                            ELAPSED TIME =       7.453   TIME= 18:51:45
 Max.  Initial penetration 2.733566536E-03 was detected between contact  
 element 20742 and target element 20286.                                 
 You may move entire target surface by : x= -2.520435387E-03, y=         
 -7.502120644E-06, z= 1.058175404E-03,to reduce initial penetration.     
 *WARNING*: The geometric gap/penetration may be too large.  Increase    
 pinball radius if it is a true geometric gap/penetration.  Decrease     
 pinball if it is a false one.                                           
 *WARNING*: The initial penetration/gap is relatively large.  Bonded/no  
 separation option may cause an accuracy issue.  Switch to MPC           
 algorithm or you may use the CNCHECK,ADJUST/MORPH command to move the   
 contact nodes towards the target surface.                               
 ****************************************
  

 *** NOTE ***                            ELAPSED TIME =       7.453   TIME= 18:51:45
 Symmetric Deformable- deformable contact pair identified by real        
 constant set 30 and contact element type 30 has been set up.  The       
 companion pair has real constant set ID 31.  Both pairs should have     
 the same behavior.                                                      
 MAPDL will deactivate the current pair and keep its companion pair,     
 resulting in asymmetric contact.                                        
 MPC anywhere inside pinball may be built
 Distributed constraint is built
 Contact algorithm: MPC based approach

 *** NOTE ***                            ELAPSED TIME =       7.453   TIME= 18:51:45
 Contact related postprocess items (ETABLE, pressure ...) are not        
 available.                                                              
 Contact detection at: nodal point (normal to target surface)
 *WARNING*: Smoothing on certain contact/target nodes (for example       
 10119) may have an accuracy issue.  You may switch contact and target   
 surfaces, or split the current pair into multiple pairs, or use Gauss   
 detection.                                                              
 MPC will be built internally to handle bonded contact.
 Default influence distance FTOLN will be used.
 Average contact surface length               0.10059E-01
 Average contact pair depth                   0.32000E-01
 Average target surface length                0.54886E-02
 User defined pinball region PINB             0.30653E-02
 Default target edge extension factor TOLS     2.0000    
 Initial penetration/gap is excluded.
 Bonded contact (always) is defined.

 *** NOTE ***                            ELAPSED TIME =       7.453   TIME= 18:51:45
 Max.  Initial penetration 9.986897004E-07 was detected between contact  
 element 21097 and target element 21338.                                 
 You may move entire target surface by : x= 1.392475065E-07, y=          
 -1.128770965E-09, z= -9.889337569E-07,to reduce initial penetration.    
 ****************************************
  

 *** NOTE ***                            ELAPSED TIME =       7.453   TIME= 18:51:45
 Symmetric Deformable- deformable contact pair identified by real        
 constant set 31 and contact element type 30 has been set up.  The       
 companion pair has real constant set ID 30.  Both pairs should have     
 the same behavior.                                                      
 MAPDL will keep the current pair and deactivate its companion pair,     
 resulting in asymmetric contact.                                        
 MPC anywhere inside pinball may be built
 Distributed constraint is built
 Contact algorithm: MPC based approach

 *** NOTE ***                            ELAPSED TIME =       7.453   TIME= 18:51:45
 Contact related postprocess items (ETABLE, pressure ...) are not        
 available.                                                              
 Contact detection at: nodal point (normal to target surface)
 *WARNING*: Smoothing on certain contact/target nodes (for example 789)  
 may have an accuracy issue.  You may switch contact and target          
 surfaces, or split the current pair into multiple pairs, or use Gauss   
 detection.                                                              
 MPC will be built internally to handle bonded contact.
 Default influence distance FTOLN will be used.
 Average contact surface length               0.49308E-02
 Average contact pair depth                   0.88900E-02
 Average target surface length                0.10050E-01
 User defined pinball region PINB             0.30653E-02
 Default target edge extension factor TOLS     2.0000    
 Initial penetration/gap is excluded.
 Bonded contact (always) is defined.

 *** NOTE ***                            ELAPSED TIME =       7.454   TIME= 18:51:45
 Max.  Initial penetration 2.986543586E-03 was detected between contact  
 element 21296 and target element 20814.                                 
 You may move entire target surface by : x= -2.597581652E-03, y=         
 1.994962641E-04, z= 1.46021005E-03,to reduce initial penetration.       
 *WARNING*: The detected Max.  Penetration is close to the pair based    
 pinball.  Please verify the pinball radius carefully.                   
 *WARNING*: The geometric gap/penetration may be too large.  Increase    
 pinball radius if it is a true geometric gap/penetration.  Decrease     
 pinball if it is a false one.                                           
 *WARNING*: The initial penetration/gap is relatively large.  Bonded/no  
 separation option may cause an accuracy issue.  Switch to MPC           
 algorithm or you may use the CNCHECK,ADJUST/MORPH command to move the   
 contact nodes towards the target surface.                               
 ****************************************
  

 *** NOTE ***                            ELAPSED TIME =       7.454   TIME= 18:51:45
 Symmetric Deformable- deformable contact pair identified by real        
 constant set 32 and contact element type 32 has been set up.  The       
 companion pair has real constant set ID 33.  Both pairs should have     
 the same behavior.                                                      
 MAPDL will deactivate the current pair and keep its companion pair,     
 resulting in asymmetric contact.                                        
 MPC anywhere inside pinball may be built
 Distributed constraint is built
 Contact algorithm: MPC based approach

 *** NOTE ***                            ELAPSED TIME =       7.454   TIME= 18:51:45
 Contact related postprocess items (ETABLE, pressure ...) are not        
 available.                                                              
 Contact detection at: nodal point (normal to target surface)
 *WARNING*: Smoothing on certain contact/target nodes (for example       
 10544) may have an accuracy issue.  You may switch contact and target   
 surfaces, or split the current pair into multiple pairs, or use Gauss   
 detection.                                                              
 MPC will be built internally to handle bonded contact.
 Default influence distance FTOLN will be used.
 Average contact surface length               0.98773E-02
 Average contact pair depth                   0.32000E-01
 Average target surface length                0.55977E-02
 User defined pinball region PINB             0.30653E-02
 Default target edge extension factor TOLS     2.0000    
 Initial penetration/gap is excluded.
 Bonded contact (always) is defined.

 *** NOTE ***                            ELAPSED TIME =       7.454   TIME= 18:51:45
 Max.  Initial penetration 1.418348894E-06 was detected between contact  
 element 21803 and target element 21915.                                 
 You may move entire target surface by : x= 1.212844209E-07, y=          
 -1.457674209E-09, z= 1.413153052E-06,to reduce initial penetration.     
 ****************************************
  

 *** NOTE ***                            ELAPSED TIME =       7.454   TIME= 18:51:45
 Symmetric Deformable- deformable contact pair identified by real        
 constant set 33 and contact element type 32 has been set up.  The       
 companion pair has real constant set ID 32.  Both pairs should have     
 the same behavior.                                                      
 MAPDL will keep the current pair and deactivate its companion pair,     
 resulting in asymmetric contact.                                        
 MPC anywhere inside pinball may be built
 Distributed constraint is built
 Contact algorithm: MPC based approach

 *** NOTE ***                            ELAPSED TIME =       7.454   TIME= 18:51:45
 Contact related postprocess items (ETABLE, pressure ...) are not        
 available.                                                              
 Contact detection at: nodal point (normal to target surface)
 *WARNING*: Smoothing on certain contact/target nodes (for example 5460) 
 may have an accuracy issue.  You may switch contact and target          
 surfaces, or split the current pair into multiple pairs, or use Gauss   
 detection.                                                              
 MPC will be built internally to handle bonded contact.
 Default influence distance FTOLN will be used.
 Average contact surface length               0.50369E-02
 Average contact pair depth                   0.87421E-02
 Average target surface length                0.98670E-02
 User defined pinball region PINB             0.30653E-02
 Default target edge extension factor TOLS     2.0000    
 Initial penetration/gap is excluded.
 Bonded contact (always) is defined.

 *** NOTE ***                            ELAPSED TIME =       7.454   TIME= 18:51:45
 Max.  Initial penetration 1.492193979E-03 was detected between contact  
 element 21845 and target element 21510.                                 
 You may move entire target surface by : x= 1.483319459E-03, y=          
 6.225295269E-05, z= 1.501027085E-04,to reduce initial penetration.      
 ****************************************
  

 *** NOTE ***                            ELAPSED TIME =       7.454   TIME= 18:51:45
 Symmetric Deformable- deformable contact pair identified by real        
 constant set 34 and contact element type 34 has been set up.  The       
 companion pair has real constant set ID 35.  Both pairs should have     
 the same behavior.                                                      
 MAPDL will deactivate the current pair and keep its companion pair,     
 resulting in asymmetric contact.                                        
 MPC anywhere inside pinball may be built
 Distributed constraint is built
 Contact algorithm: MPC based approach

 *** NOTE ***                            ELAPSED TIME =       7.455   TIME= 18:51:45
 Contact related postprocess items (ETABLE, pressure ...) are not        
 available.                                                              
 Contact detection at: nodal point (normal to target surface)
 *WARNING*: Smoothing on certain contact/target nodes (for example       
 10956) may have an accuracy issue.  You may switch contact and target   
 surfaces, or split the current pair into multiple pairs, or use Gauss   
 detection.                                                              
 MPC will be built internally to handle bonded contact.
 Default influence distance FTOLN will be used.
 Average contact surface length               0.97594E-02
 Average contact pair depth                   0.32000E-01
 Average target surface length                0.54928E-02
 User defined pinball region PINB             0.30653E-02
 Default target edge extension factor TOLS     2.0000    
 Initial penetration/gap is excluded.
 Bonded contact (always) is defined.

 *** NOTE ***                            ELAPSED TIME =       7.455   TIME= 18:51:45
 Max.  Initial penetration 3.745936584E-07 was detected between contact  
 element 22332 and target element 22498.                                 
 You may move entire target surface by : x= -1.549366223E-08, y=         
 -7.830053624E-10, z= 3.742722836E-07,to reduce initial penetration.     
 ****************************************
  

 *** NOTE ***                            ELAPSED TIME =       7.455   TIME= 18:51:45
 Symmetric Deformable- deformable contact pair identified by real        
 constant set 35 and contact element type 34 has been set up.  The       
 companion pair has real constant set ID 34.  Both pairs should have     
 the same behavior.                                                      
 MAPDL will keep the current pair and deactivate its companion pair,     
 resulting in asymmetric contact.                                        
 MPC anywhere inside pinball may be built
 Distributed constraint is built
 Contact algorithm: MPC based approach

 *** NOTE ***                            ELAPSED TIME =       7.455   TIME= 18:51:45
 Contact related postprocess items (ETABLE, pressure ...) are not        
 available.                                                              
 Contact detection at: nodal point (normal to target surface)
 *WARNING*: Smoothing on certain contact/target nodes (for example 5313) 
 may have an accuracy issue.  You may switch contact and target          
 surfaces, or split the current pair into multiple pairs, or use Gauss   
 detection.                                                              
 MPC will be built internally to handle bonded contact.
 Default influence distance FTOLN will be used.
 Average contact surface length               0.49451E-02
 Average contact pair depth                   0.89873E-02
 Average target surface length                0.97472E-02
 User defined pinball region PINB             0.30653E-02
 Default target edge extension factor TOLS     2.0000    
 Initial penetration/gap is excluded.
 Bonded contact (always) is defined.

 *** NOTE ***                            ELAPSED TIME =       7.455   TIME= 18:51:45
 Max.  Initial penetration 3.018131971E-03 was detected between contact  
 element 22444 and target element 22142.                                 
 You may move entire target surface by : x= -2.763743462E-03, y=         
 2.260723247E-04, z= -1.191525903E-03,to reduce initial penetration.     
 *WARNING*: The detected Max.  Penetration is close to the pair based    
 pinball.  Please verify the pinball radius carefully.                   
 *WARNING*: The geometric gap/penetration may be too large.  Increase    
 pinball radius if it is a true geometric gap/penetration.  Decrease     
 pinball if it is a false one.                                           
 *WARNING*: The initial penetration/gap is relatively large.  Bonded/no  
 separation option may cause an accuracy issue.  Switch to MPC           
 algorithm or you may use the CNCHECK,ADJUST/MORPH command to move the   
 contact nodes towards the target surface.                               
 ****************************************
  

 *** NOTE ***                            ELAPSED TIME =       7.455   TIME= 18:51:45
 Symmetric Deformable- deformable contact pair identified by real        
 constant set 36 and contact element type 36 has been set up.  The       
 companion pair has real constant set ID 37.  Both pairs should have     
 the same behavior.                                                      
 MAPDL will deactivate the current pair and keep its companion pair,     
 resulting in asymmetric contact.                                        
 MPC anywhere inside pinball may be built
 Distributed constraint is built
 Contact algorithm: MPC based approach

 *** NOTE ***                            ELAPSED TIME =       7.455   TIME= 18:51:45
 Contact related postprocess items (ETABLE, pressure ...) are not        
 available.                                                              
 Contact detection at: nodal point (normal to target surface)
 MPC will be built internally to handle bonded contact.
 Default influence distance FTOLN will be used.
 Average contact surface length               0.98133E-02
 Average contact pair depth                   0.32000E-01
 Average target surface length                0.73339E-02
 User defined pinball region PINB             0.30653E-02
 Default target edge extension factor TOLS     2.0000    
 Initial penetration/gap is excluded.
 Bonded contact (always) is defined.

 *** NOTE ***                            ELAPSED TIME =       7.455   TIME= 18:51:45
 Min.  Initial gap 1.34720462E-03 was detected between contact element   
 23303 and target element 24276.                                         
 Contact is detected due to initial settings.                            
  
 Max.  Geometric gap 2.99532638E-03 has been detected between contact    
 element 23530 and target element 24224.                                 
 *WARNING*: The geometric gap/penetration may be too large.  Increase    
 pinball radius if it is a true geometric gap/penetration.  Decrease     
 pinball if it is a false one.                                           
 ****************************************
  

 *** NOTE ***                            ELAPSED TIME =       7.456   TIME= 18:51:45
 Symmetric Deformable- deformable contact pair identified by real        
 constant set 37 and contact element type 36 has been set up.  The       
 companion pair has real constant set ID 36.  Both pairs should have     
 the same behavior.                                                      
 MAPDL will keep the current pair and deactivate its companion pair,     
 resulting in asymmetric contact.                                        
 MPC anywhere inside pinball may be built
 Distributed constraint is built
 Contact algorithm: MPC based approach

 *** NOTE ***                            ELAPSED TIME =       7.456   TIME= 18:51:45
 Contact related postprocess items (ETABLE, pressure ...) are not        
 available.                                                              
 Contact detection at: nodal point (normal to target surface)
 MPC will be built internally to handle bonded contact.
 Default influence distance FTOLN will be used.
 *WARNING*: Certain contact elements (for example 24156&27913) overlap   
 each other.  Overconstraint may occur.                                  
 Average contact surface length               0.89692E-02
 Average contact pair depth                   0.10000E-01
 Average target surface length                0.98017E-02
 User defined pinball region PINB             0.30653E-02
 Default target edge extension factor TOLS     2.0000    
 Initial penetration/gap is excluded.
 Bonded contact (always) is defined.

 *** NOTE ***                            ELAPSED TIME =       7.456   TIME= 18:51:45
 Min.  Initial gap 1.296986731E-03 was detected between contact element  
 24156 and target element 22539.                                         
 Contact is detected due to initial settings.                            
  
 Max.  Geometric gap 3.063475172E-03 has been detected between contact   
 element 24102 and target element 22904.                                 
 *WARNING*: The geometric gap/penetration may be too large.  Increase    
 pinball radius if it is a true geometric gap/penetration.  Decrease     
 pinball if it is a false one.                                           
 *WARNING*: The detected geometric gap/penetration is close to the pair  
 based pinball.  Please verify the pinball radius carefully.             
 ****************************************
  

 *** NOTE ***                            ELAPSED TIME =       7.456   TIME= 18:51:45
 Symmetric Deformable- deformable contact pair identified by real        
 constant set 38 and contact element type 38 has been set up.  The       
 companion pair has real constant set ID 39.  Both pairs should have     
 the same behavior.                                                      
 MAPDL will deactivate the current pair and keep its companion pair,     
 resulting in asymmetric contact.                                        
 MPC anywhere inside pinball may be built
 Distributed constraint is built
 Contact algorithm: MPC based approach

 *** NOTE ***                            ELAPSED TIME =       7.456   TIME= 18:51:45
 Contact related postprocess items (ETABLE, pressure ...) are not        
 available.                                                              
 Contact detection at: nodal point (normal to target surface)
 MPC will be built internally to handle bonded contact.
 Default influence distance FTOLN will be used.
 Average contact surface length               0.99596E-02
 Average contact pair depth                   0.32000E-01
 Average target surface length                0.75021E-02
 User defined pinball region PINB             0.30653E-02
 Default target edge extension factor TOLS     2.0000    
 Initial penetration/gap is excluded.
 Bonded contact (always) is defined.

 *** NOTE ***                            ELAPSED TIME =       7.456   TIME= 18:51:45
 Min.  Initial gap 8.67578638E-04 was detected between contact element   
 26679 and target element 27764.                                         
 Contact is detected due to initial settings.                            
  
 Max.  Geometric gap 2.337547988E-03 has been detected between contact   
 element 26398 and target element 27859.                                 
 *WARNING*: The geometric gap/penetration may be too large.  Increase    
 pinball radius if it is a true geometric gap/penetration.  Decrease     
 pinball if it is a false one.                                           
 ****************************************
  

 *** NOTE ***                            ELAPSED TIME =       7.457   TIME= 18:51:45
 Symmetric Deformable- deformable contact pair identified by real        
 constant set 39 and contact element type 38 has been set up.  The       
 companion pair has real constant set ID 38.  Both pairs should have     
 the same behavior.                                                      
 MAPDL will keep the current pair and deactivate its companion pair,     
 resulting in asymmetric contact.                                        
 MPC anywhere inside pinball may be built
 Distributed constraint is built
 Contact algorithm: MPC based approach

 *** NOTE ***                            ELAPSED TIME =       7.457   TIME= 18:51:45
 Contact related postprocess items (ETABLE, pressure ...) are not        
 available.                                                              
 Contact detection at: nodal point (normal to target surface)
 MPC will be built internally to handle bonded contact.
 Default influence distance FTOLN will be used.
 *WARNING*: Certain contact elements (for example 27515&27927) overlap   
 each other.  Overconstraint may occur.                                  
 Average contact surface length               0.90174E-02
 Average contact pair depth                   0.13000E-01
 Average target surface length                0.99548E-02
 User defined pinball region PINB             0.30653E-02
 Default target edge extension factor TOLS     2.0000    
 Initial penetration/gap is excluded.
 Bonded contact (always) is defined.

 *** NOTE ***                            ELAPSED TIME =       7.457   TIME= 18:51:45
 Min.  Initial gap 7.529011265E-04 was detected between contact element  
 27515 and target element 24990.                                         
 Contact is detected due to initial settings.                            
  
 Max.  Geometric gap 2.614444002E-03 has been detected between contact   
 element 27634 and target element 24373.                                 
 *WARNING*: The geometric gap/penetration may be too large.  Increase    
 pinball radius if it is a true geometric gap/penetration.  Decrease     
 pinball if it is a false one.                                           
 ****************************************
  

 *** NOTE ***                            ELAPSED TIME =       7.457   TIME= 18:51:45
 Symmetric Deformable- deformable contact pair identified by real        
 constant set 40 and contact element type 40 has been set up.  The       
 companion pair has real constant set ID 41.  Both pairs should have     
 the same behavior.                                                      
 MAPDL will deactivate the current pair and keep its companion pair,     
 resulting in asymmetric contact.                                        
 Linear contact is defined
 Contact algorithm: Augmented Lagrange method
 Contact detection at: Gauss integration point
 Contact stiffness factor FKN                  10.000    
 The resulting initial contact stiffness      0.47306E+15
 Default penetration tolerance factor FTOLN   0.10000    
 The resulting penetration tolerance          0.29595E-03
 Default opening contact stiffness OPSF will be used.
 Default tangent stiffness factor FKT          1.0000    
 Use constant contact stiffness
 Default Max. friction stress TAUMAX          0.10000E+21
 Average contact surface length               0.98650E-02
 Average contact pair depth                   0.29595E-02
 Average target surface length                0.73339E-02
 User defined pinball region PINB             0.30653E-02
 Initial penetration/gap is excluded.
 Bonded contact (always) is defined.

 *** NOTE ***                            ELAPSED TIME =       7.457   TIME= 18:51:45
 Max.  Initial penetration 0 was detected between contact element 27881  
 and target element 27889.                                               
 ****************************************
  

 *** NOTE ***                            ELAPSED TIME =       7.457   TIME= 18:51:45
 Symmetric Deformable- deformable contact pair identified by real        
 constant set 41 and contact element type 40 has been set up.  The       
 companion pair has real constant set ID 40.  Both pairs should have     
 the same behavior.                                                      
 MAPDL will keep the current pair and deactivate its companion pair,     
 resulting in asymmetric contact.                                        
 Linear contact is defined
 Contact algorithm: Augmented Lagrange method
 Contact detection at: Gauss integration point
 Contact stiffness factor FKN                  10.000    
 The resulting initial contact stiffness      0.47306E+15
 Default penetration tolerance factor FTOLN   0.10000    
 The resulting penetration tolerance          0.10000E-02
 Default opening contact stiffness OPSF will be used.
 Default tangent stiffness factor FKT          1.0000    
 Use constant contact stiffness
 Default Max. friction stress TAUMAX          0.10000E+21
 Average contact surface length               0.89692E-02
 Average contact pair depth                   0.10000E-01
 Average target surface length                0.98643E-02
 User defined pinball region PINB             0.30653E-02
 Initial penetration/gap is excluded.
 Bonded contact (always) is defined.

 *** NOTE ***                            ELAPSED TIME =       7.458   TIME= 18:51:45
 Max.  Initial penetration 0 was detected between contact element 27887  
 and target element 27877.                                               
 ****************************************
  

 *** NOTE ***                            ELAPSED TIME =       7.458   TIME= 18:51:45
 Symmetric Deformable- deformable contact pair identified by real        
 constant set 42 and contact element type 42 has been set up.  The       
 companion pair has real constant set ID 43.  Both pairs should have     
 the same behavior.                                                      
 MAPDL will deactivate the current pair and keep its companion pair,     
 resulting in asymmetric contact.                                        
 Linear contact is defined
 Contact algorithm: Augmented Lagrange method
 Contact detection at: Gauss integration point
 Contact stiffness factor FKN                  10.000    
 The resulting initial contact stiffness      0.49618E+15
 Default penetration tolerance factor FTOLN   0.10000    
 The resulting penetration tolerance          0.28215E-03
 Default opening contact stiffness OPSF will be used.
 Default tangent stiffness factor FKT          1.0000    
 Use constant contact stiffness
 Default Max. friction stress TAUMAX          0.10000E+21
 Average contact surface length               0.94051E-02
 Average contact pair depth                   0.28215E-02
 Average target surface length                0.95000E-02
 User defined pinball region PINB             0.30653E-02
 Initial penetration/gap is excluded.
 Bonded contact (always) is defined.

 *** NOTE ***                            ELAPSED TIME =       7.458   TIME= 18:51:45
 Max.  Initial penetration 0 was detected between contact element 27899  
 and target element 27904.                                               
 ****************************************
  

 *** NOTE ***                            ELAPSED TIME =       7.458   TIME= 18:51:45
 Symmetric Deformable- deformable contact pair identified by real        
 constant set 43 and contact element type 42 has been set up.  The       
 companion pair has real constant set ID 42.  Both pairs should have     
 the same behavior.                                                      
 MAPDL will keep the current pair and deactivate its companion pair,     
 resulting in asymmetric contact.                                        
 Linear contact is defined
 Contact algorithm: Augmented Lagrange method
 Contact detection at: Gauss integration point
 Contact stiffness factor FKN                  10.000    
 The resulting initial contact stiffness      0.49618E+15
 Default penetration tolerance factor FTOLN   0.10000    
 The resulting penetration tolerance          0.99940E-03
 Default opening contact stiffness OPSF will be used.
 Default tangent stiffness factor FKT          1.0000    
 Use constant contact stiffness
 Default Max. friction stress TAUMAX          0.10000E+21
 Average contact surface length               0.82310E-02
 Average contact pair depth                   0.99940E-02
 Average target surface length                0.93766E-02
 User defined pinball region PINB             0.30653E-02
 Initial penetration/gap is excluded.
 Bonded contact (always) is defined.

 *** NOTE ***                            ELAPSED TIME =       7.458   TIME= 18:51:45
 Max.  Initial penetration 0 was detected between contact element 27903  
 and target element 27893.                                               
 ****************************************
  

 *** NOTE ***                            ELAPSED TIME =       7.458   TIME= 18:51:45
 Symmetric Deformable- deformable contact pair identified by real        
 constant set 44 and contact element type 44 has been set up.  The       
 companion pair has real constant set ID 45.  Both pairs should have     
 the same behavior.                                                      
 MAPDL will deactivate the current pair and keep its companion pair,     
 resulting in asymmetric contact.                                        
 MPC anywhere inside pinball may be built
 Distributed constraint is built
 Contact algorithm: MPC based approach

 *** NOTE ***                            ELAPSED TIME =       7.459   TIME= 18:51:45
 Contact related postprocess items (ETABLE, pressure ...) are not        
 available.                                                              
 Contact detection at: nodal point (normal to target surface)
 MPC will be built internally to handle bonded contact.
 Default influence distance FTOLN will be used.
 Average contact surface length               0.10903E-01
 Average contact pair depth                   0.32709E-02
 Average target surface length                0.73339E-02
 User defined pinball region PINB             0.30653E-02
 Default target edge extension factor TOLS     2.0000    
 Initial penetration/gap is excluded.
 Bonded contact (always) is defined.

 *** NOTE ***                            ELAPSED TIME =       7.459   TIME= 18:51:45
 Max.  Initial penetration 1.942890293E-16 was detected between contact  
 element 27909 and target element 27916.                                 
 ****************************************
  

 *** NOTE ***                            ELAPSED TIME =       7.459   TIME= 18:51:45
 Symmetric Deformable- deformable contact pair identified by real        
 constant set 45 and contact element type 44 has been set up.  The       
 companion pair has real constant set ID 44.  Both pairs should have     
 the same behavior.                                                      
 MAPDL will keep the current pair and deactivate its companion pair,     
 resulting in asymmetric contact.                                        
 MPC anywhere inside pinball may be built
 Distributed constraint is built
 Contact algorithm: MPC based approach

 *** NOTE ***                            ELAPSED TIME =       7.459   TIME= 18:51:45
 Contact related postprocess items (ETABLE, pressure ...) are not        
 available.                                                              
 Contact detection at: nodal point (normal to target surface)
 MPC will be built internally to handle bonded contact.
 Default influence distance FTOLN will be used.
 *WARNING*: Certain contact elements (for example 27913&24156) overlap   
 each other.  Overconstraint may occur.                                  
 Average contact surface length               0.89692E-02
 Average contact pair depth                   0.10000E-01
 Average target surface length                0.10850E-01
 User defined pinball region PINB             0.30653E-02
 Default target edge extension factor TOLS     2.0000    
 Initial penetration/gap is excluded.
 Bonded contact (always) is defined.

 *** NOTE ***                            ELAPSED TIME =       7.459   TIME= 18:51:45
 Max.  Initial penetration 1.110223025E-16 was detected between contact  
 element 27913 and target element 27907.                                 
 ****************************************
  

 *** NOTE ***                            ELAPSED TIME =       7.459   TIME= 18:51:45
 Symmetric Deformable- deformable contact pair identified by real        
 constant set 46 and contact element type 46 has been set up.  The       
 companion pair has real constant set ID 47.  Both pairs should have     
 the same behavior.                                                      
 MAPDL will deactivate the current pair and keep its companion pair,     
 resulting in asymmetric contact.                                        
 MPC anywhere inside pinball may be built
 Distributed constraint is built
 Contact algorithm: MPC based approach

 *** NOTE ***                            ELAPSED TIME =       7.459   TIME= 18:51:45
 Contact related postprocess items (ETABLE, pressure ...) are not        
 available.                                                              
 Contact detection at: nodal point (normal to target surface)
 MPC will be built internally to handle bonded contact.
 Default influence distance FTOLN will be used.
 Average contact surface length               0.86284E-02
 Average contact pair depth                   0.25885E-02
 Average target surface length                0.85000E-02
 User defined pinball region PINB             0.30653E-02
 Default target edge extension factor TOLS     2.0000    
 Initial penetration/gap is excluded.
 Bonded contact (always) is defined.

 *** NOTE ***                            ELAPSED TIME =       7.459   TIME= 18:51:45
 Min.  Initial gap 1.110223025E-16 was detected between contact element  
 27922 and target element 27928.                                         
 Contact is detected due to initial settings.                            
 ****************************************
  

 *** NOTE ***                            ELAPSED TIME =       7.459   TIME= 18:51:45
 Symmetric Deformable- deformable contact pair identified by real        
 constant set 47 and contact element type 46 has been set up.  The       
 companion pair has real constant set ID 46.  Both pairs should have     
 the same behavior.                                                      
 MAPDL will keep the current pair and deactivate its companion pair,     
 resulting in asymmetric contact.                                        
 MPC anywhere inside pinball may be built
 Distributed constraint is built
 Contact algorithm: MPC based approach

 *** NOTE ***                            ELAPSED TIME =       7.460   TIME= 18:51:45
 Contact related postprocess items (ETABLE, pressure ...) are not        
 available.                                                              
 Contact detection at: nodal point (normal to target surface)
 MPC will be built internally to handle bonded contact.
 Default influence distance FTOLN will be used.
 *WARNING*: Most likely no MPC equations (or Lagrange multiliers) will   
 be built due to overlapping with other pairs (i.e.  Real constant set   
 39).                                                                    
 Average contact surface length               0.73993E-02
 Average contact pair depth                   0.10007E-01
 Average target surface length                0.85259E-02
 User defined pinball region PINB             0.30653E-02
 Default target edge extension factor TOLS     2.0000    
 Initial penetration/gap is excluded.
 Bonded contact (always) is defined.

 *** NOTE ***                            ELAPSED TIME =       7.460   TIME= 18:51:45
 Max.  Initial penetration 1.110223025E-16 was detected between contact  
 element 27927 and target element 27917.                                 
 ****************************************
  

 *** WARNING ***                         ELAPSED TIME =       7.460   TIME= 18:51:45
 Overconstraint may occur for Lagrange multiplier or MPC based contact   
 algorithm.                                                              
 The reasons for possible overconstraint are:                            

 *** WARNING ***                         ELAPSED TIME =       7.464   TIME= 18:51:45
 Certain contact elements (for example 27913 & 24156) overlap with       
 other.                                                                  

 *** WARNING ***                         ELAPSED TIME =       7.464   TIME= 18:51:45
 Certain contact pairs (for example 47 & 39) overlap with other.         
 ****************************************
  
  

  
  
     D I S T R I B U T E D   D O M A I N   D E C O M P O S E R
  
  ...Number of elements: 38480
  ...Number of nodes:    15366
  ...Decompose to 4 CPU domains
  ...Element load balance ratio =     1.881


                      L O A D   S T E P   O P T I O N S

   LOAD STEP NUMBER. . . . . . . . . . . . . . . .     1
   TIME AT END OF THE LOAD STEP. . . . . . . . . .  1.0000    
   NUMBER OF SUBSTEPS. . . . . . . . . . . . . . .     1
   STEP CHANGE BOUNDARY CONDITIONS . . . . . . . .    NO
   PRINT OUTPUT CONTROLS . . . . . . . . . . . . .NO PRINTOUT
   DATABASE OUTPUT CONTROLS
      ITEM     FREQUENCY   COMPONENT
       ALL       NONE               
      NSOL        ALL               
      RSOL        ALL               
      EANG        ALL               
      ETMP        ALL               
      VENG        ALL               
      STRS        ALL               
      EPEL        ALL               
      EPPL        ALL               
      CONT        ALL               


 SOLUTION MONITORING INFO IS WRITTEN TO FILE= file.mntr                                                                                                                                                                                                                                                           

 *** NOTE ***                            ELAPSED TIME =       9.551   TIME= 18:51:47
 Predictor is ON by default for structural elements with rotational      
 degrees of freedom.  Use the PRED,OFF command to turn the predictor     
 OFF if it adversely affects the convergence.                            


 *** WARNING ***                         ELAPSED TIME =       9.875   TIME= 18:51:48
 Multiple constraints have been applied on degree of freedom 1 of        
 contact node 11506 (may be more nodes).  The program will remove        
 certain internal MPCs.  Please check the model carefully.               


                         ***********  PRECISE MASS SUMMARY  ***********

   TOTAL RIGID BODY MASS MATRIX ABOUT ORIGIN
               Translational mass               |   Coupled translational/rotational mass
         12.419        0.0000        0.0000     |     0.0000       0.38941E-01   -7.1655    
         0.0000        12.419        0.0000     |   -0.38941E-01    0.0000        1.3970    
         0.0000        0.0000        12.419     |     7.1655       -1.3970        0.0000    
     ------------------------------------------ | ------------------------------------------
                                                |         Rotational mass (inertia)
                                                |     5.6206      -0.77732      -0.41060E-02
                                                |   -0.77732       0.21096      -0.21701E-01
                                                |   -0.41060E-02  -0.21701E-01    5.8288    

   TOTAL MASS =  12.419    
     The mass principal axes coincide with the global Cartesian axes

   CENTER OF MASS (X,Y,Z)=   0.11249       0.57699       0.31357E-02

   TOTAL INERTIA ABOUT CENTER OF MASS
         1.4861       0.28718E-01   0.27436E-03
        0.28718E-01   0.53693E-01   0.76757E-03
        0.27436E-03   0.76757E-03    1.5372    

   PRINCIPAL INERTIAS =    1.4866       0.53117E-01    1.5372    
   ORIENTATION VECTORS OF THE INERTIA PRINCIPAL AXES IN GLOBAL CARTESIAN
     ( 1.000, 0.020,-0.006) (-0.020, 1.000,-0.001) ( 0.006, 0.001, 1.000) 


  *** MASS SUMMARY BY ELEMENT TYPE ***

  TYPE      MASS
     1   11.7343    
     2  0.138010E-02
     3  0.880809E-03
     4  0.200626E-01
     5  0.193259E-01
     6  0.186038E-01
     7  0.178950E-01
     8  0.172001E-01
     9  0.165190E-01
    10  0.158516E-01
    11  0.151985E-01
    12  0.145579E-01
    13  0.139329E-01
    14  0.302475    
    15  0.210600    

 Range of element maximum matrix coefficients in global coordinates
 Maximum = 8.750828005E+09 at element 13388.                             
 Minimum = 0.34509545 at element 41082.                                  

 *** WARNING ***                         ELAPSED TIME =      11.863   TIME= 18:51:50
 Coefficient ratio exceeds 1.0e8 - Check results.                        

   *** ELEMENT MATRIX FORMULATION TIMES
     TYPE    NUMBER     ENAME   TOTAL ELAPSED   AVG ELAPSED

        1     12870  SHELL181          1.5407   0.000119711
        2        62  SHELL181          0.0086   0.000139489
        3        37  SHELL181          0.0040   0.000107051
        4        59  SOLID186          0.0098   0.000166229
        5        57  SOLID186          0.0094   0.000165630
        6        55  SOLID186          0.0086   0.000156538
        7        52  SOLID186          0.0079   0.000151538
        8        51  SOLID186          0.0132   0.000259333
        9        48  SOLID186          0.0080   0.000167527
       10        46  SOLID186          0.0068   0.000147265
       11        45  SOLID186          0.0072   0.000159818
       12        45  SOLID186          0.0092   0.000203382
       13        41  SOLID186          0.0078   0.000190356
       14       240  SOLID186          0.0471   0.000196108
       15       120  SOLID186          0.0274   0.000228091
       16       345  CONTA174          0.0088   0.000025574
       17       345  TARGE170          0.0009   0.000002633
       18       319  CONTA174          0.0087   0.000027205
       19       319  TARGE170          0.0009   0.000002700
       20       303  CONTA174          0.0083   0.000027534
       21       303  TARGE170          0.0010   0.000003174
       22       304  CONTA174          0.0076   0.000024890
       23       304  TARGE170          0.0009   0.000003034
       24       305  CONTA174          0.0090   0.000029398
       25       305  TARGE170          0.0008   0.000002715
       26       290  CONTA174          0.0076   0.000026344
       27       290  TARGE170          0.0008   0.000002664
       28       286  CONTA174          0.0075   0.000026392
       29       286  TARGE170          0.0008   0.000002734
       30       278  CONTA174          0.0089   0.000031876
       31       278  TARGE170          0.0008   0.000002773
       32       283  CONTA174          0.0075   0.000026569
       33       283  TARGE170          0.0009   0.000003081
       34       288  CONTA174          0.0086   0.000029909
       35       288  TARGE170          0.0007   0.000002562
       36       884  CONTA174          0.0253   0.000028624
       37       884  TARGE170          0.0027   0.000003013
       38      1799  CONTA174          0.0531   0.000029504
       39      1799  TARGE170          0.0052   0.000002887
       40         8  CONTA174          0.0007   0.000086113
       41         8  TARGE170          0.0001   0.000008075
       42         7  CONTA174          0.0005   0.000064886
       43         7  TARGE170          0.0000   0.000003800
       44         6  CONTA174          0.0002   0.000034800
       45         6  TARGE170          0.0000   0.000003367
       46         6  CONTA174          0.0001   0.000022883
       47         6  TARGE170          0.0000   0.000002750
       48     12870   SURF154          0.5021   0.000039014
       49       360  COMBIN14          0.0039   0.000010725
 Elapsed Time at end of element matrix formulation = 11.8637491.         

 DISTRIBUTED SPARSE MATRIX DIRECT SOLVER.
  Number of equations =       53106,    Maximum wavefront =    714


  Memory allocated on only this MPI rank (rank     0)
  -------------------------------------------------------------------
  Equation solver memory allocated                     =    87.773 MB
  Equation solver memory required for in-core mode     =    84.444 MB
  Equation solver memory required for out-of-core mode =    49.565 MB
  Total (solver and non-solver) memory allocated       =   748.785 MB


  Total memory summed across all MPI ranks on this machines
  -------------------------------------------------------------------
  Equation solver memory allocated                     =   371.974 MB
  Equation solver memory required for in-core mode     =   358.599 MB
  Equation solver memory required for out-of-core mode =   219.214 MB
  Total (solver and non-solver) memory allocated       =  1804.255 MB

 *** NOTE ***                            ELAPSED TIME =      12.359   TIME= 18:51:50
 The Distributed Sparse Matrix Solver is currently running in the        
 in-core memory mode.  This memory mode uses the most amount of memory   
 in order to avoid using the hard drive as much as possible, which most  
 often results in the fastest solution time.  This mode is recommended   
 if enough physical memory is present to accommodate all of the solver   
 data.                                                                   
 curEqn=  12351  totEqn=  12351 Job CP sec=     14.094
      Factor Done= 100% Factor Wall sec=      0.312 rate=       9.8 GFlops
 Distributed sparse solver maximum pivot= 6.973502634E+09 at node 9151   
 UY.                                                                     
 Distributed sparse solver minimum pivot= 1.141084493E-03 at node 6587   
 ROTZ.                                                                   
 Distributed sparse solver minimum pivot in absolute value=              
 1.141084493E-03 at node 6587 ROTZ.                                      

   *** ELEMENT RESULT CALCULATION TIMES
     TYPE    NUMBER     ENAME   TOTAL ELAPSED   AVG ELAPSED

        1     12870  SHELL181          1.8861   0.000146547
        2        62  SHELL181          0.0111   0.000178971
        3        37  SHELL181          0.0077   0.000208338
        4        59  SOLID186          0.0090   0.000152051
        5        57  SOLID186          0.0076   0.000134095
        6        55  SOLID186          0.0073   0.000133247
        7        52  SOLID186          0.0081   0.000155727
        8        51  SOLID186          0.0073   0.000142339
        9        48  SOLID186          0.0065   0.000135694
       10        46  SOLID186          0.0056   0.000121850
       11        45  SOLID186          0.0053   0.000118142
       12        45  SOLID186          0.0059   0.000130380
       13        41  SOLID186          0.0046   0.000112720
       14       240  SOLID186          0.0373   0.000155272
       15       120  SOLID186          0.0208   0.000173069
       16       345  CONTA174          0.0107   0.000031029
       18       319  CONTA174          0.0103   0.000032162
       20       303  CONTA174          0.0084   0.000027707
       22       304  CONTA174          0.0082   0.000026846
       24       305  CONTA174          0.0084   0.000027626
       26       290  CONTA174          0.0086   0.000029592
       28       286  CONTA174          0.0074   0.000025754
       30       278  CONTA174          0.0071   0.000025697
       32       283  CONTA174          0.0063   0.000022212
       34       288  CONTA174          0.0068   0.000023465
       36       884  CONTA174          0.0262   0.000029640
       38      1799  CONTA174          0.0544   0.000030237
       40         8  CONTA174          0.0005   0.000063050
       42         7  CONTA174          0.0003   0.000044757
       44         6  CONTA174          0.0003   0.000046550
       46         6  CONTA174          0.0002   0.000027300
       48     12870   SURF154          0.4852   0.000037704
       49       360  COMBIN14          0.0021   0.000005777

   *** NODAL LOAD CALCULATION TIMES
     TYPE    NUMBER     ENAME   TOTAL ELAPSED   AVG ELAPSED

        1     12870  SHELL181          0.1614   0.000012543
        2        62  SHELL181          0.0002   0.000003263
        3        37  SHELL181          0.0004   0.000011576
        4        59  SOLID186          0.0013   0.000021912
        5        57  SOLID186          0.0011   0.000018849
        6        55  SOLID186          0.0009   0.000016844
        7        52  SOLID186          0.0011   0.000021660
        8        51  SOLID186          0.0009   0.000018343
        9        48  SOLID186          0.0009   0.000017727
       10        46  SOLID186          0.0008   0.000017704
       11        45  SOLID186          0.0008   0.000016764
       12        45  SOLID186          0.0008   0.000017709
       13        41  SOLID186          0.0007   0.000017166
       14       240  SOLID186          0.0051   0.000021380
       15       120  SOLID186          0.0025   0.000020933
       16       345  CONTA174          0.0006   0.000001841
       18       319  CONTA174          0.0007   0.000002207
       20       303  CONTA174          0.0005   0.000001617
       22       304  CONTA174          0.0005   0.000001648
       24       305  CONTA174          0.0005   0.000001687
       26       290  CONTA174          0.0006   0.000001917
       28       286  CONTA174          0.0004   0.000001413
       30       278  CONTA174          0.0004   0.000001499
       32       283  CONTA174          0.0004   0.000001353
       34       288  CONTA174          0.0004   0.000001420
       36       884  CONTA174          0.0015   0.000001737
       38      1799  CONTA174          0.0032   0.000001780
       40         8  CONTA174          0.0002   0.000028875
       42         7  CONTA174          0.0001   0.000021171
       44         6  CONTA174          0.0000   0.000002333
       46         6  CONTA174          0.0000   0.000002400
       48     12870   SURF154          0.0317   0.000002465
       49       360  COMBIN14          0.0006   0.000001758
 *** LOAD STEP     1   SUBSTEP     1  COMPLETED.    CUM ITER =      1
 *** TIME =   1.00000         TIME INC =   1.00000      NEW TRIANG MATRIX


 *** MAPDL BINARY FILE STATISTICS
  BUFFER SIZE USED= 16384
        0.188 MB WRITTEN ON ELEMENT MATRIX FILE: file0.emat
        3.188 MB WRITTEN ON ELEMENT SAVED DATA FILE: file0.esav
        7.812 MB WRITTEN ON ASSEMBLED MATRIX FILE: file0.full
        4.000 MB WRITTEN ON RESULTS FILE: file0.rst
 *************** Write FE CONNECTORS *********

 WRITE OUT CONSTRAINT EQUATIONS TO FILE= file.ce                                                                                                                                                                                                                                                             
 ****************************************************
 *************** FINISHED SOLVE FOR LS 1 *************

 FINISH SOLUTION PROCESSING


 ***** ROUTINE COMPLETED *****  ELAPSED TIME =        15.200



 *GET  _WALLASOL  FROM  ACTI  ITEM=TIME WALL  VALUE= 0.422230922E-02

 PRINTOUT RESUMED BY /GOP

 *** MAPDL - ENGINEERING ANALYSIS SYSTEM  RELEASE 2026 R1          26.1     ***
 Ansys Mechanical Enterprise Academic Student      
 01055371  VERSION=WINDOWS x64   18:51:53  MAY 09, 2026 Elapsed Time=     15.210

 unfailed attempt--Static Structural (B5)                                      



          ***** MAPDL RESULTS INTERPRETATION (POST1) *****

 *** NOTE ***                            ELAPSED TIME =      15.210   TIME= 18:51:53
 Reading results into the database (SET command) will update the current 
 displacement and force boundary conditions in the database with the     
 values from the results file for that load set.  Note that any          
 subsequent solutions will use these values unless action is taken to    
 either SAVE the current values or not overwrite them (/EXIT,NOSAVE).    

 Set Encoding of XML File to:ISO-8859-1

 Set Output of XML File to:
     PARM,     ,     ,     ,     ,     ,     ,     ,     ,     ,     ,     ,
         ,     ,     ,     ,     ,     ,     ,

 DATABASE WRITTEN ON FILE  parm.xml                                                                                                                                                                                                                                                            

 EXIT THE MAPDL POST1 DATABASE PROCESSOR


 ***** ROUTINE COMPLETED *****  ELAPSED TIME =        15.212



 PRINTOUT RESUMED BY /GOP

 *GET  _WALLDONE  FROM  ACTI  ITEM=TIME WALL  VALUE= 0.422574500E-02

 PARAMETER _PREPTIME =    0.4191644000    

 PARAMETER _SOLVTIME =     9.681342600    

 PARAMETER _POSTTIME =    0.1236880000E-01

 PARAMETER _TOTALTIM =     10.11287580    

 *GET  _DLBRATIO  FROM  ACTI  ITEM=SOLU DLBR  VALUE=  1.88146371    

 *GET  _COMBTIME  FROM  ACTI  ITEM=SOLU COMB  VALUE= 0.165778100    

 *GET  _SSMODE   FROM  ACTI  ITEM=SOLU SSMM  VALUE=  2.00000000    

 *GET  _NDOFS    FROM  ACTI  ITEM=SOLU NDOF  VALUE=  53106.0000    

 *GET  _SOL_END_TIME  FROM  ACTI  ITEM=SET  TIME  VALUE=  1.00000000    

 *IF  _sol_end_time  ( =   1.00000     )  EQ  
      1.000000  ( =   1.00000     )  THEN    

 /FCLEAN COMMAND REMOVING ALL LOCAL FILES

 *ENDIF
 --- Total number of nodes = 15366
 --- Total number of elements = 38480
 --- Element load balance ratio = 1.88146371
 --- Time to combine distributed files = 0.1657781
 --- Sparse memory mode = 2
 --- Number of DOF = 53106

 EXIT MAPDL WITHOUT SAVING DATABASE


 NUMBER OF WARNING MESSAGES ENCOUNTERED=          7
 NUMBER OF ERROR   MESSAGES ENCOUNTERED=          0

+--------------------- M A P D L   S T A T I S T I C S ------------------------+

Release: 2026 R1            Build: 26.1       Update: UP20260202   Platform: WINDOWS x64 
Date Run: 05/09/2026   Time: 18:52     Process ID: 38280
Operating System: Windows 11  (Build: 26200)

Processor Model: AMD Ryzen 7 7435HS

Compiler: Intel(R) Fortran Compiler Classic Version 2021.9  (Build: 20230302)
          Intel(R) C/C++ Compiler Classic Version 2021.9  (Build: 20230302)
          AOCL-BLAS 5.1.1 Build 20251008
          Intel(R) oneAPI Math Kernel Library Version 2024.2.3-Product Build 20250403

Number of machines requested            :    1
Total number of cores available         :   16
Number of physical cores available      :    8
Number of processes requested           :    4
Number of threads per process requested :    1
Total number of cores requested         :    4 (Distributed Memory Parallel)               
MPI Type: INTELMPI
MPI Version: Intel(R) MPI Library 2021.16 for Windows* OS


GPU Acceleration: Not Requested

Job Name: file0
Input File: dummy.dat

  Core                Machine Name   Working Directory
 -----------------------------------------------------
     0             LAPTOP-VLVD1EO8   D:\6th sem\FEA\project\_ProjectScratch\Scr882E
     1             LAPTOP-VLVD1EO8   D:\6th sem\FEA\project\_ProjectScratch\Scr882E
     2             LAPTOP-VLVD1EO8   D:\6th sem\FEA\project\_ProjectScratch\Scr882E
     3             LAPTOP-VLVD1EO8   D:\6th sem\FEA\project\_ProjectScratch\Scr882E
 
Latency time from master to core     1 =    9.235 microseconds
Latency time from master to core     2 =    6.592 microseconds
Latency time from master to core     3 =    6.492 microseconds
 
Communication speed from master to core     1 =  5475.81 MB/sec
Communication speed from master to core     2 =  5850.35 MB/sec
Communication speed from master to core     3 =  6087.59 MB/sec

Total CPU time for main thread                    :       10.4 seconds
Total CPU time summed for all threads             :       17.6 seconds

Elapsed time spent obtaining a license            :        0.5 seconds
Elapsed time spent pre-processing model (/PREP7)  :        0.4 seconds
Elapsed time spent solution - preprocessing       :        2.9 seconds
Elapsed time spent computing solution             :        5.4 seconds
   Elapsed time in element formation & assembly   :        2.3 seconds
   Elapsed time in equation solver                :        1.0 seconds
   Elapsed time in element result calculations    :        1.2 seconds
Elapsed time spent solution - postprocessing      :        0.2 seconds
Elapsed time spent post-processing model (/POST1) :        0.0 seconds
 
Equation solver used                              :            Sparse (symmetric)
Sparse direct equation solver computational rate  :       39.9 Gflops

Sum of disk space used on all processes           :      185.0 MB

Sum of memory used on all processes               :      976.0 MB
Sum of memory allocated on all processes          :     3072.0 MB
Physical memory available                         :         24 GB
Total amount of I/O written to disk               :        0.2 GB
Total amount of I/O read from disk                :        0.1 GB

+------------------ E N D   M A P D L   S T A T I S T I C S -------------------+


 *-----------------------------------------------------------------------------*
 |                                                                             |
 |                               RUN COMPLETED                                 |
 |                                                                             |
 |-----------------------------------------------------------------------------|
 |                                                                             |
 |  Ansys MAPDL 2026 R1         Build 26.1         UP20260202    WINDOWS x64   |
 |                                                                             |
 |-----------------------------------------------------------------------------|
 |                                                                             |
 |  Database Requested(-db)     1024 MB     Scratch Memory Requested   1024 MB |
 |  Max Database Used(Master)     53 MB     Max Scratch Used(Master)    455 MB |
 |  Max Database Used(Workers)     1 MB     Max Scratch Used(Workers)   205 MB |
 |  Sum Database Used(All)        56 MB     Sum Scratch Used(All)       920 MB |
 |                                                                             |
 |-----------------------------------------------------------------------------|
 |                                                                             |
 |        CP Time      (sec) =         17.609       Time  =  18:52:03          |
 |        Elapsed Time (sec) =         25.614       Date  =  05/09/2026        |
 |                                                                             |
 *-----------------------------------------------------------------------------*
